{"dataset": "mnist", "num_rounds": 5, "eval_every": -1, "clients_per_round": 10, "learning_rate": 0.017279999999999997, "mu": 0, "rho": 0.0, "num_epochs": 1, "batch_size": 1, "accuracies": [[["0", "1", "10", "11", "12", "13", "14", "15", "16", "17", "18", "19", "2", "20", "21", "22", "23", "24", "25", "26", "27", "28", "29", "3", "30", "31", "32", "33", "34", "35", "36", "37", "38", "39", "4", "40", "41", "42", "43", "44", "45", "46", "47", "48", "49", "5", "50", "51", "52", "53", "54", "55", "56", "57", "58", "59", "6", "60", "61", "62", "63", "64", "65", "66", "67", "68", "69", "7", "70", "71", "72", "73", "74", "75", "76", "77", "78", "79", "8", "80", "81", "82", "83", "84", "85", "86", "87", "88", "89", "9", "90", "91", "92", "93", "94", "95", "96", "97", "98", "99"], [null, null, null, null, null, null, null, null, null, null, null, null, null, null, null, null, null, null, null, null, null, null, null, null, null, null, null, null, null, null, null, null, null, null, null, null, null, null, null, null, null, null, null, null, null, null, null, null, null, null, null, null, null, null, null, null, null, null, null, null, null, null, null, null, null, null, null, null, null, null, null, null, null, null, null, null, null, null, null, null, null, null, null, null, null, null, null, null, null, null, null, null, null, null, null, null, null, null, null, null], [70, 70, 70, 70, 70, 70, 70, 70, 70, 70, 70, 70, 70, 70, 70, 70, 70, 70, 70, 70, 70, 70, 70, 70, 70, 70, 70, 70, 70, 70, 70, 70, 70, 70, 70, 70, 70, 70, 70, 70, 70, 70, 70, 70, 70, 70, 70, 70, 70, 70, 70, 70, 70, 70, 70, 70, 70, 70, 70, 70, 70, 70, 70, 70, 70, 70, 70, 70, 70, 70, 70, 70, 70, 70, 70, 70, 70, 70, 70, 70, 70, 70, 70, 70, 70, 70, 70, 70, 70, 70, 70, 70, 70, 70, 70, 70, 70, 70, 70, 70], [51, 47, 46, 50, 42, 50, 40, 51, 45, 44, 55, 50, 51, 53, 41, 45, 46, 48, 48, 49, 45, 42, 42, 49, 45, 51, 52, 50, 48, 48, 49, 50, 45, 44, 45, 50, 42, 50, 53, 49, 47, 49, 41, 41, 49, 50, 55, 53, 53, 42, 50, 53, 47, 48, 42, 39, 50, 41, 48, 45, 51, 57, 47, 43, 41, 50, 56, 53, 48, 40, 48, 54, 48, 44, 49, 48, 54, 44, 47, 51, 49, 45, 49, 43, 48, 50, 53, 38, 50, 54, 51, 48, 53, 48, 48, 44, 47, 41, 42, 50], [2.8810493548711142, 4.195422689119975, 4.930915276209514, 6.83948826789856, 3.5315876801808677, 4.537998755772908, 6.626357237497966, 3.087015668551127, 6.851894855499268, 3.84799853960673, 2.8961627086003623, 4.580804347991943, 5.3194825649261475, 3.6367034912109375, 7.61046044031779, 6.994462490081787, 6.037226676940918, 4.950517503234248, 4.577879508336385, 3.601202822445581, 5.611377716064453, 5.970025380452474, 8.01966110865275, 7.565589984258016, 4.60910685857137, 4.686335325241089, 2.593742847442627, 3.607166051864624, 4.203916708628337, 4.79806915918986, 4.336950937906901, 3.300891955693563, 7.344410260518392, 5.618198951085408, 4.793334404627482, 6.086112896601359, 5.488055229187012, 4.279520869255066, 3.123763163884481, 6.166138490041097, 5.128447532653809, 5.116692066192627, 6.89274247487386, 10.948728402455648, 5.055049578348796, 2.9931288063526154, 2.8094855149586997, 4.423139492670695, 3.794259707132975, 6.1428719361623125, 3.460413138071696, 6.703855593999227, 8.156322717666626, 9.813666820526123, 6.17296306292216, 6.529892285664876, 4.557254155476888, 6.858370463053386, 5.292713642120361, 8.73370631535848, 5.516306161880493, 1.608590304851532, 3.7590565780798593, 4.890620191891988, 9.1356569925944, 4.372824430465698, 2.9829151829083727, 3.7642642656962075, 3.0200237035751343, 8.63647492726644, 6.326261838277181, 5.693417390187581, 3.328552762667338, 6.062964757283528, 5.544652779897054, 5.874204317728679, 4.297046899795532, 8.352163473765055, 4.7381118933359785, 2.8017906745274863, 6.734562238057454, 5.0111649831136065, 6.096020778020223, 6.638489723205566, 5.332205653190613, 4.44589376449585, 3.1993703842163086, 7.811561743418376, 2.841036637624105, 4.6475043296813965, 4.865379969278972, 6.4476213455200195, 1.7760162651538849, 3.406719419691271, 3.577786922454834, 4.645151535669963, 5.611853122711182, 8.523414293924967, 7.745233694712321, 5.4663130442301435]]],