{"dataset": "mnist", "num_rounds": 5, "eval_every": -1, "clients_per_round": 10, "learning_rate": 0.0013888888888888892, "mu": 0, "rho": 0.0, "num_epochs": 1, "batch_size": 1, "accuracies": [[["0", "1", "10", "11", "12", "13", "14", "15", "16", "17", "18", "19", "2", "20", "21", "22", "23", "24", "25", "26", "27", "28", "29", "3", "30", "31", "32", "33", "34", "35", "36", "37", "38", "39", "4", "40", "41", "42", "43", "44", "45", "46", "47", "48", "49", "5", "50", "51", "52", "53", "54", "55", "56", "57", "58", "59", "6", "60", "61", "62", "63", "64", "65", "66", "67", "68", "69", "7", "70", "71", "72", "73", "74", "75", "76", "77", "78", "79", "8", "80", "81", "82", "83", "84", "85", "86", "87", "88", "89", "9", "90", "91", "92", "93", "94", "95", "96", "97", "98", "99"], [null, null, null, null, null, null, null, null, null, null, null, null, null, null, null, null, null, null, null, null, null, null, null, null, null, null, null, null, null, null, null, null, null, null, null, null, null, null, null, null, null, null, null, null, null, null, null, null, null, null, null, null, null, null, null, null, null, null, null, null, null, null, null, null, null, null, null, null, null, null, null, null, null, null, null, null, null, null, null, null, null, null, null, null, null, null, null, null, null, null, null, null, null, null, null, null, null, null, null, null], [70, 70, 70, 70, 70, 70, 70, 70, 70, 70, 70, 70, 70, 70, 70, 70, 70, 70, 70, 70, 70, 70, 70, 70, 70, 70, 70, 70, 70, 70, 70, 70, 70, 70, 70, 70, 70, 70, 70, 70, 70, 70, 70, 70, 70, 70, 70, 70, 70, 70, 70, 70, 70, 70, 70, 70, 70, 70, 70, 70, 70, 70, 70, 70, 70, 70, 70, 70, 70, 70, 70, 70, 70, 70, 70, 70, 70, 70, 70, 70, 70, 70, 70, 70, 70, 70, 70, 70, 70, 70, 70, 70, 70, 70, 70, 70, 70, 70, 70, 70], [59, 62, 58, 65, 60, 58, 57, 63, 61, 58, 57, 62, 59, 61, 56, 53, 58, 61, 61, 60, 60, 59, 59, 60, 60, 58, 57, 61, 61, 63, 58, 62, 57, 53, 60, 61, 56, 61, 63, 60, 59, 63, 57, 55, 63, 59, 64, 58, 61, 55, 58, 58, 61, 60, 49, 63, 59, 60, 60, 63, 62, 61, 57, 57, 58, 61, 61, 62, 61, 55, 56, 59, 63, 58, 55, 62, 61, 61, 60, 65, 61, 59, 62, 60, 55, 57, 63, 52, 59, 66, 56, 62, 64, 59, 59, 61, 56, 57, 54, 61], [0.40342436730861664, 0.4208350380261739, 0.52635857462883, 0.5197393596172333, 0.49414252241452533, 0.5851060251394907, 0.6792765855789185, 0.32638947665691376, 0.5416481991608938, 0.505186453461647, 0.4420357644557953, 0.5899387200673422, 0.6119364500045776, 0.45451393723487854, 0.7777097225189209, 0.5972077747186025, 0.6307509740193685, 0.5822014013926188, 0.5818950335184733, 0.5142544110616049, 0.4880884289741516, 0.6817264358202616, 0.6411851247151693, 0.6276072164376577, 0.5477143923441569, 0.48342329263687134, 0.48433276017506915, 0.46053312222162884, 0.488956481218338, 0.5415710310141245, 0.47328074276447296, 0.3568454732497533, 0.5359873473644257, 0.8650139371554056, 0.5311252375443777, 0.5831023454666138, 0.6576378345489502, 0.5426843166351318, 0.47842692335446674, 0.6149853964646658, 0.5162686804930369, 0.47303616007169086, 0.5808904568354288, 0.831721842288971, 0.4585421681404114, 0.5516718725363413, 0.3529755373795827, 0.4047960539658864, 0.49712074796358746, 0.6594857772191366, 0.49547409017880756, 0.6896777153015137, 0.7617310583591461, 0.70374463001887, 0.844881514708201, 0.457545538743337, 0.5927587350209554, 0.5374461710453033, 0.6516545414924622, 0.7072558701038361, 0.6095190942287445, 0.3506808876991272, 0.523786187171936, 0.7258290946483612, 0.7819124062856039, 0.6112310886383057, 0.38327162712812424, 0.4181851049264272, 0.5204571485519409, 0.9034376343091329, 0.6110827525456747, 0.5505405962467194, 0.40693407754103345, 0.5315842305620512, 0.6362295846144358, 0.42944185932477313, 0.5239338179429373, 0.7951180835564932, 0.5187903145949045, 0.5234198669592539, 0.7103009422620138, 0.45296452442804974, 0.5825732350349426, 0.6192040046056112, 0.6692745089530945, 0.634126623471578, 0.41937538981437683, 0.6575769682725271, 0.4865717093149821, 0.34859152138233185, 0.753636509180069, 0.602819045384725, 0.44938992460568744, 0.4256385912497838, 0.5044477979342142, 0.5514324605464935, 0.5448255042235056, 0.6670174996058146, 1.0991936723391216, 0.5670952002207438]]],