{"dataset": "mnist", "num_rounds": 5, "eval_every": -1, "clients_per_round": 10, "learning_rate": 0.0024, "mu": 0, "rho": 0.0, "num_epochs": 1, "batch_size": 1, "accuracies": [[["0", "1", "10", "11", "12", "13", "14", "15", "16", "17", "18", "19", "2", "20", "21", "22", "23", "24", "25", "26", "27", "28", "29", "3", "30", "31", "32", "33", "34", "35", "36", "37", "38", "39", "4", "40", "41", "42", "43", "44", "45", "46", "47", "48", "49", "5", "50", "51", "52", "53", "54", "55", "56", "57", "58", "59", "6", "60", "61", "62", "63", "64", "65", "66", "67", "68", "69", "7", "70", "71", "72", "73", "74", "75", "76", "77", "78", "79", "8", "80", "81", "82", "83", "84", "85", "86", "87", "88", "89", "9", "90", "91", "92", "93", "94", "95", "96", "97", "98", "99"], [null, null, null, null, null, null, null, null, null, null, null, null, null, null, null, null, null, null, null, null, null, null, null, null, null, null, null, null, null, null, null, null, null, null, null, null, null, null, null, null, null, null, null, null, null, null, null, null, null, null, null, null, null, null, null, null, null, null, null, null, null, null, null, null, null, null, null, null, null, null, null, null, null, null, null, null, null, null, null, null, null, null, null, null, null, null, null, null, null, null, null, null, null, null, null, null, null, null, null, null], [70, 70, 70, 70, 70, 70, 70, 70, 70, 70, 70, 70, 70, 70, 70, 70, 70, 70, 70, 70, 70, 70, 70, 70, 70, 70, 70, 70, 70, 70, 70, 70, 70, 70, 70, 70, 70, 70, 70, 70, 70, 70, 70, 70, 70, 70, 70, 70, 70, 70, 70, 70, 70, 70, 70, 70, 70, 70, 70, 70, 70, 70, 70, 70, 70, 70, 70, 70, 70, 70, 70, 70, 70, 70, 70, 70, 70, 70, 70, 70, 70, 70, 70, 70, 70, 70, 70, 70, 70, 70, 70, 70, 70, 70, 70, 70, 70, 70, 70, 70], [59, 61, 56, 60, 53, 56, 51, 64, 54, 55, 55, 57, 54, 61, 53, 48, 57, 56, 55, 55, 60, 54, 55, 59, 58, 55, 59, 56, 57, 61, 55, 60, 56, 53, 55, 58, 54, 59, 58, 60, 57, 60, 55, 53, 56, 56, 63, 57, 58, 53, 58, 57, 59, 58, 47, 55, 61, 55, 55, 59, 58, 62, 53, 54, 50, 57, 61, 62, 56, 50, 55, 56, 56, 56, 54, 62, 58, 56, 56, 62, 56, 59, 59, 54, 54, 54, 57, 51, 58, 63, 52, 58, 63, 54, 54, 53, 53, 47, 50, 59], [0.3627023821075757, 0.3973945478598277, 0.5715851585070292, 0.7141605814297994, 0.5593890647093455, 0.6795740326245626, 0.6889833410580953, 0.2925112495819728, 0.6162913143634796, 0.5471104184786478, 0.4399498800436656, 0.6014034549395243, 0.6881531377633413, 0.4776930014292399, 0.9032493829727173, 0.811162014802297, 0.7883428533871969, 0.655101478099823, 0.6247478723526001, 0.6090492705504099, 0.5958267251650492, 0.7194003661473592, 0.7294278542200724, 0.8452738523483276, 0.5357050001621246, 0.48193903267383575, 0.42908817529678345, 0.43806832035382587, 0.4895267188549042, 0.4798523783683777, 0.4020472665627797, 0.48379825552304584, 0.6231690446535746, 0.918727457523346, 0.5444628596305847, 0.6929170290629069, 0.6748043497403463, 0.5312016208966573, 0.442818562189738, 0.6491159896055857, 0.6093116998672485, 0.3820556203524272, 0.6802719036738077, 1.1713805794715881, 0.5438005129496256, 0.522220661242803, 0.3060076062877973, 0.4477411260207494, 0.483164702852567, 0.8462328712145487, 0.4606090486049652, 0.8012108008066813, 1.024550239245097, 0.9665242036183676, 0.9310022989908854, 0.5880047976970673, 0.6401523152987162, 0.7312556803226471, 0.7716505726178488, 0.7504220505555471, 0.7822259167830149, 0.32568006714185077, 0.5324630041917165, 0.750635544459025, 1.0941349665323894, 0.5176202158133189, 0.3701428771018982, 0.3427214374144872, 0.5420310695966085, 1.095543920993805, 0.7201299866040548, 0.5620281199614207, 0.4553519735733668, 0.6478921448191007, 0.8181326389312744, 0.4285728981097539, 0.46795426805814105, 0.9175926148891449, 0.6511881550153097, 0.4691416323184967, 0.7951646049817404, 0.47799235582351685, 0.7401168545087179, 0.8077517549196879, 0.7670623858769735, 0.6966760357220968, 0.49141990145047504, 0.7478963335355123, 0.4531095027923584, 0.36475371321042377, 0.8955874641736349, 0.6659069458643595, 0.3168529545267423, 0.45297495275735855, 0.6554657518863678, 0.6408114830652872, 0.500701109568278, 0.8571842114130656, 1.2926981846491497, 0.8374971250693003]]],