{"dataset": "mnist", "num_rounds": 5, "eval_every": -1, "clients_per_round": 10, "learning_rate": 0.000803755144032922, "mu": 0, "rho": 0.0, "num_epochs": 1, "batch_size": 1, "accuracies": [[["0", "1", "10", "11", "12", "13", "14", "15", "16", "17", "18", "19", "2", "20", "21", "22", "23", "24", "25", "26", "27", "28", "29", "3", "30", "31", "32", "33", "34", "35", "36", "37", "38", "39", "4", "40", "41", "42", "43", "44", "45", "46", "47", "48", "49", "5", "50", "51", "52", "53", "54", "55", "56", "57", "58", "59", "6", "60", "61", "62", "63", "64", "65", "66", "67", "68", "69", "7", "70", "71", "72", "73", "74", "75", "76", "77", "78", "79", "8", "80", "81", "82", "83", "84", "85", "86", "87", "88", "89", "9", "90", "91", "92", "93", "94", "95", "96", "97", "98", "99"], [null, null, null, null, null, null, null, null, null, null, null, null, null, null, null, null, null, null, null, null, null, null, null, null, null, null, null, null, null, null, null, null, null, null, null, null, null, null, null, null, null, null, null, null, null, null, null, null, null, null, null, null, null, null, null, null, null, null, null, null, null, null, null, null, null, null, null, null, null, null, null, null, null, null, null, null, null, null, null, null, null, null, null, null, null, null, null, null, null, null, null, null, null, null, null, null, null, null, null, null], [70, 70, 70, 70, 70, 70, 70, 70, 70, 70, 70, 70, 70, 70, 70, 70, 70, 70, 70, 70, 70, 70, 70, 70, 70, 70, 70, 70, 70, 70, 70, 70, 70, 70, 70, 70, 70, 70, 70, 70, 70, 70, 70, 70, 70, 70, 70, 70, 70, 70, 70, 70, 70, 70, 70, 70, 70, 70, 70, 70, 70, 70, 70, 70, 70, 70, 70, 70, 70, 70, 70, 70, 70, 70, 70, 70, 70, 70, 70, 70, 70, 70, 70, 70, 70, 70, 70, 70, 70, 70, 70, 70, 70, 70, 70, 70, 70, 70, 70, 70], [57, 60, 57, 61, 58, 57, 55, 59, 62, 58, 57, 59, 59, 64, 55, 54, 57, 57, 61, 57, 62, 55, 54, 60, 58, 59, 58, 58, 56, 58, 54, 60, 58, 50, 56, 59, 55, 58, 64, 58, 60, 58, 51, 56, 63, 57, 60, 57, 60, 58, 59, 56, 57, 61, 53, 61, 60, 57, 57, 59, 62, 64, 53, 59, 57, 57, 61, 60, 60, 54, 56, 60, 61, 56, 57, 58, 58, 57, 58, 62, 61, 58, 58, 57, 55, 58, 63, 49, 58, 64, 56, 57, 59, 58, 58, 59, 57, 52, 53, 59], [0.7079763015111288, 0.55599445104599, 0.7698971629142761, 0.6906328797340393, 0.7079188426335653, 0.9407063722610474, 0.8248368899027506, 0.547192653020223, 0.6906175414721171, 0.588957890868187, 0.49221350252628326, 0.7967763145764669, 0.5772207578023275, 0.5350101391474406, 0.9879317879676819, 0.9746127525965372, 0.7295551300048828, 0.805152157942454, 0.48207099735736847, 0.6987648804982504, 0.549793541431427, 0.795739491780599, 0.9026743570963541, 0.7510067820549011, 0.7648475170135498, 0.7968698938687643, 0.6570396224657694, 0.5367120206356049, 0.6516245802243551, 0.6312880317370096, 0.8186167677243551, 0.5601020057996114, 0.6210889716943105, 0.8408074776331583, 0.7340460220972697, 0.6714722613493601, 0.8004573583602905, 0.7022183736165365, 0.6144481499989828, 0.7221170862515768, 0.671344111363093, 0.6803112824757894, 0.9353206753730774, 0.9022334019343058, 0.5526296695073446, 0.6170768340428671, 0.633236030737559, 0.6132293542226156, 0.5235837996006012, 0.7820431590080261, 0.8378438949584961, 0.8969570795694987, 0.6712094148000082, 0.6744524041811625, 0.8638236125310262, 0.6919029156366984, 0.6797299981117249, 0.6575842499732971, 0.7733944853146871, 0.7368406256039938, 0.7158417701721191, 0.6561766862869263, 0.6588112612565359, 0.7313005526860555, 0.7437924345334371, 0.8554942011833191, 0.5473198195298513, 0.6999006271362305, 0.5754468341668447, 1.0731114347775776, 0.7289233207702637, 0.668653666973114, 0.5918455719947815, 0.7956231236457825, 0.7017260293165842, 0.7183584769566854, 0.5767400860786438, 0.7354627450307211, 0.6784520149230957, 0.6248495578765869, 0.6587727467219034, 0.6529713074366251, 0.6378031969070435, 0.8154118855794271, 0.8586563666661581, 0.7979126274585724, 0.6447277168432871, 0.9388354221979777, 0.6694875061511993, 0.4696113665898641, 0.8200670282046, 0.8375430703163147, 0.7177480260531107, 0.8553064862887064, 0.7526649435361227, 0.7445434729258219, 0.6753974954287211, 0.7484201292196909, 0.8909061352411906, 0.9258362253506979]]],