{"dataset": "mnist", "num_rounds": 5, "eval_every": -1, "clients_per_round": 10, "learning_rate": 0.0016666666666666668, "mu": 0, "rho": 0.0, "num_epochs": 1, "batch_size": 1, "accuracies": [[["0", "1", "10", "11", "12", "13", "14", "15", "16", "17", "18", "19", "2", "20", "21", "22", "23", "24", "25", "26", "27", "28", "29", "3", "30", "31", "32", "33", "34", "35", "36", "37", "38", "39", "4", "40", "41", "42", "43", "44", "45", "46", "47", "48", "49", "5", "50", "51", "52", "53", "54", "55", "56", "57", "58", "59", "6", "60", "61", "62", "63", "64", "65", "66", "67", "68", "69", "7", "70", "71", "72", "73", "74", "75", "76", "77", "78", "79", "8", "80", "81", "82", "83", "84", "85", "86", "87", "88", "89", "9", "90", "91", "92", "93", "94", "95", "96", "97", "98", "99"], [null, null, null, null, null, null, null, null, null, null, null, null, null, null, null, null, null, null, null, null, null, null, null, null, null, null, null, null, null, null, null, null, null, null, null, null, null, null, null, null, null, null, null, null, null, null, null, null, null, null, null, null, null, null, null, null, null, null, null, null, null, null, null, null, null, null, null, null, null, null, null, null, null, null, null, null, null, null, null, null, null, null, null, null, null, null, null, null, null, null, null, null, null, null, null, null, null, null, null, null], [70, 70, 70, 70, 70, 70, 70, 70, 70, 70, 70, 70, 70, 70, 70, 70, 70, 70, 70, 70, 70, 70, 70, 70, 70, 70, 70, 70, 70, 70, 70, 70, 70, 70, 70, 70, 70, 70, 70, 70, 70, 70, 70, 70, 70, 70, 70, 70, 70, 70, 70, 70, 70, 70, 70, 70, 70, 70, 70, 70, 70, 70, 70, 70, 70, 70, 70, 70, 70, 70, 70, 70, 70, 70, 70, 70, 70, 70, 70, 70, 70, 70, 70, 70, 70, 70, 70, 70, 70, 70, 70, 70, 70, 70, 70, 70, 70, 70, 70, 70], [58, 64, 60, 66, 59, 59, 58, 65, 62, 61, 59, 63, 60, 65, 56, 53, 58, 60, 60, 59, 64, 57, 55, 59, 60, 58, 56, 60, 59, 60, 58, 63, 56, 55, 60, 57, 57, 59, 63, 62, 60, 61, 52, 56, 65, 56, 61, 56, 59, 60, 61, 57, 59, 57, 52, 60, 60, 60, 60, 57, 62, 64, 56, 58, 59, 61, 61, 60, 61, 54, 57, 59, 61, 60, 56, 59, 60, 61, 59, 64, 62, 60, 60, 57, 56, 58, 62, 51, 58, 65, 56, 62, 63, 56, 60, 60, 58, 59, 54, 58], [0.5169396499792734, 0.3537525435288747, 0.661232074101766, 0.46578604976336163, 0.5372534791628519, 0.8401947816212972, 0.6415065924326578, 0.35897529125213623, 0.4846038222312927, 0.44961803406476974, 0.3294298971692721, 0.5230391522248586, 0.4754766672849655, 0.3402116696039836, 0.8559863567352295, 0.8530599673589071, 0.5956885516643524, 0.6885104874769846, 0.3598038579026858, 0.5724488695462545, 0.4137149453163147, 0.7195444901784261, 0.7649170557657877, 0.6030050118764242, 0.5951931873957316, 0.6264933546384176, 0.5273741682370504, 0.37518826127052307, 0.45945797860622406, 0.44716047247250873, 0.6689116160074869, 0.394710640112559, 0.4545291910568873, 0.6691750884056091, 0.5084493656953176, 0.4899650712807973, 0.6307742297649384, 0.5589277346928915, 0.45261433720588684, 0.5882609138886133, 0.5175909698009491, 0.49299972256024677, 0.8884660800298055, 0.7771130800247192, 0.3502907305955887, 0.47429295380910236, 0.46879332264264423, 0.5045983692010244, 0.44437941908836365, 0.6375560959180196, 0.6302704513072968, 0.8965034186840057, 0.4654258191585541, 0.5266681412855784, 0.7311241428057352, 0.49402324358622235, 0.5355463226636251, 0.5522505889336268, 0.633709192276001, 0.5937978724638621, 0.5311439434687296, 0.5196226437886556, 0.5174687504768372, 0.5513147016366323, 0.6018248995145162, 0.6577538251876831, 0.4259905417760213, 0.5378946959972382, 0.43308915694554645, 1.0808022618293762, 0.5859816571076711, 0.49810147285461426, 0.40895025928815204, 0.635822614034017, 0.585584839185079, 0.5436069369316101, 0.43155712882677716, 0.5136191149552664, 0.527177482843399, 0.3716476559638977, 0.45944760243097943, 0.4638174772262573, 0.5412723273038864, 0.5496191680431366, 0.8083770076433817, 0.6439308226108551, 0.4401571452617645, 0.7572721640268961, 0.4787193338076274, 0.33062561353047687, 0.6461682418982188, 0.6404536465803782, 0.4488324423631032, 0.6873316665490469, 0.540881464878718, 0.6032066742579142, 0.5920667747656504, 0.5724983414014181, 0.7008232275644938, 0.8409408330917358]]],