{"dataset": "mnist", "num_rounds": 5, "eval_every": -1, "clients_per_round": 10, "learning_rate": 0.01, "mu": 0, "rho": 0.0, "num_epochs": 1, "batch_size": 1, "accuracies": [[["0", "1", "10", "11", "12", "13", "14", "15", "16", "17", "18", "19", "2", "20", "21", "22", "23", "24", "25", "26", "27", "28", "29", "3", "30", "31", "32", "33", "34", "35", "36", "37", "38", "39", "4", "40", "41", "42", "43", "44", "45", "46", "47", "48", "49", "5", "50", "51", "52", "53", "54", "55", "56", "57", "58", "59", "6", "60", "61", "62", "63", "64", "65", "66", "67", "68", "69", "7", "70", "71", "72", "73", "74", "75", "76", "77", "78", "79", "8", "80", "81", "82", "83", "84", "85", "86", "87", "88", "89", "9", "90", "91", "92", "93", "94", "95", "96", "97", "98", "99"], [null, null, null, null, null, null, null, null, null, null, null, null, null, null, null, null, null, null, null, null, null, null, null, null, null, null, null, null, null, null, null, null, null, null, null, null, null, null, null, null, null, null, null, null, null, null, null, null, null, null, null, null, null, null, null, null, null, null, null, null, null, null, null, null, null, null, null, null, null, null, null, null, null, null, null, null, null, null, null, null, null, null, null, null, null, null, null, null, null, null, null, null, null, null, null, null, null, null, null, null], [70, 70, 70, 70, 70, 70, 70, 70, 70, 70, 70, 70, 70, 70, 70, 70, 70, 70, 70, 70, 70, 70, 70, 70, 70, 70, 70, 70, 70, 70, 70, 70, 70, 70, 70, 70, 70, 70, 70, 70, 70, 70, 70, 70, 70, 70, 70, 70, 70, 70, 70, 70, 70, 70, 70, 70, 70, 70, 70, 70, 70, 70, 70, 70, 70, 70, 70, 70, 70, 70, 70, 70, 70, 70, 70, 70, 70, 70, 70, 70, 70, 70, 70, 70, 70, 70, 70, 70, 70, 70, 70, 70, 70, 70, 70, 70, 70, 70, 70, 70], [53, 51, 48, 50, 41, 52, 41, 54, 45, 46, 55, 51, 53, 52, 42, 46, 46, 51, 51, 51, 45, 45, 44, 49, 48, 51, 52, 53, 49, 47, 51, 50, 47, 48, 46, 52, 46, 52, 55, 49, 47, 50, 41, 44, 51, 51, 57, 52, 53, 43, 52, 54, 48, 49, 45, 42, 54, 42, 50, 47, 50, 58, 48, 46, 43, 51, 57, 55, 52, 41, 48, 54, 50, 48, 49, 50, 54, 47, 49, 55, 50, 46, 49, 46, 49, 49, 53, 40, 51, 55, 51, 48, 56, 48, 48, 44, 48, 42, 41, 53], [1.340856631596883, 2.112095614274343, 2.618258476257324, 3.6248225371042886, 1.8374282717704773, 2.551142772038778, 3.1510722637176514, 1.4212491512298584, 3.643526077270508, 2.1352643569310508, 1.5688583652178447, 2.409546216328939, 2.8313419421513877, 1.9514875411987305, 3.994952122370402, 3.9679115613301597, 3.2210483153661094, 2.7577018874386945, 2.302871584892273, 1.9716950580477715, 3.0038130283355713, 2.960875988006592, 4.131266037623088, 4.121619542439778, 2.424715836842855, 2.255944609642029, 1.2529019117355347, 1.7452902793884277, 2.205967386563619, 2.2604092359542847, 1.9666867852210999, 1.845263918240865, 3.708913564682007, 2.998864014943441, 2.531836231549581, 3.08489998181661, 2.7754249572753906, 2.0682181119918823, 1.6112157503763835, 3.1047152280807495, 2.7767881552378335, 2.436542789141337, 3.300269454717636, 5.940299987792969, 2.6150581439336142, 1.6333495775858562, 1.4904701312383015, 2.2613386313120523, 1.8108813762664795, 3.0734455585479736, 1.7432498931884766, 3.6621181964874268, 4.605293432871501, 5.310058832168579, 3.2761173248291016, 3.422612269719442, 2.4834235509236655, 3.729797601699829, 2.8688694636027017, 4.387456019719441, 3.071492314338684, 0.7546396851539612, 2.014351079861323, 2.5654351909955344, 5.2116438547770185, 2.178482929865519, 1.5886069330614798, 1.7090359528859456, 1.5832881728808086, 4.63837464650472, 3.544315497080485, 2.987101435661316, 1.7507388293743134, 3.277526299158732, 3.100922187169393, 2.7423273722330728, 2.2317744890848794, 4.396575133005778, 2.4888858000437417, 1.4276233712832134, 3.503694772720337, 2.564006527264913, 3.25914466381073, 3.452778975168864, 2.8461703062057495, 2.456098437309265, 1.7464382648468018, 4.1157136758168535, 1.3886266549428303, 2.1520952781041465, 2.6972594261169434, 3.2663803100585938, 0.806136162330707, 1.7972968636701505, 2.003426114718119, 2.5599626700083413, 2.783177296320597, 4.506208896636963, 4.050126711527507, 3.2079203526178994]]],