{"dataset": "mnist", "num_rounds": 5, "eval_every": -1, "clients_per_round": 10, "learning_rate": 0.008333333333333333, "mu": 0, "rho": 0.0, "num_epochs": 1, "batch_size": 1, "accuracies": [[["0", "1", "10", "11", "12", "13", "14", "15", "16", "17", "18", "19", "2", "20", "21", "22", "23", "24", "25", "26", "27", "28", "29", "3", "30", "31", "32", "33", "34", "35", "36", "37", "38", "39", "4", "40", "41", "42", "43", "44", "45", "46", "47", "48", "49", "5", "50", "51", "52", "53", "54", "55", "56", "57", "58", "59", "6", "60", "61", "62", "63", "64", "65", "66", "67", "68", "69", "7", "70", "71", "72", "73", "74", "75", "76", "77", "78", "79", "8", "80", "81", "82", "83", "84", "85", "86", "87", "88", "89", "9", "90", "91", "92", "93", "94", "95", "96", "97", "98", "99"], [null, null, null, null, null, null, null, null, null, null, null, null, null, null, null, null, null, null, null, null, null, null, null, null, null, null, null, null, null, null, null, null, null, null, null, null, null, null, null, null, null, null, null, null, null, null, null, null, null, null, null, null, null, null, null, null, null, null, null, null, null, null, null, null, null, null, null, null, null, null, null, null, null, null, null, null, null, null, null, null, null, null, null, null, null, null, null, null, null, null, null, null, null, null, null, null, null, null, null, null], [70, 70, 70, 70, 70, 70, 70, 70, 70, 70, 70, 70, 70, 70, 70, 70, 70, 70, 70, 70, 70, 70, 70, 70, 70, 70, 70, 70, 70, 70, 70, 70, 70, 70, 70, 70, 70, 70, 70, 70, 70, 70, 70, 70, 70, 70, 70, 70, 70, 70, 70, 70, 70, 70, 70, 70, 70, 70, 70, 70, 70, 70, 70, 70, 70, 70, 70, 70, 70, 70, 70, 70, 70, 70, 70, 70, 70, 70, 70, 70, 70, 70, 70, 70, 70, 70, 70, 70, 70, 70, 70, 70, 70, 70, 70, 70, 70, 70, 70, 70], [54, 53, 48, 51, 44, 52, 41, 55, 44, 48, 55, 53, 53, 53, 43, 46, 48, 51, 50, 50, 46, 47, 45, 48, 48, 52, 52, 54, 50, 49, 52, 49, 47, 50, 46, 53, 46, 52, 54, 52, 49, 53, 42, 45, 51, 51, 57, 54, 54, 44, 54, 55, 49, 49, 47, 43, 55, 42, 49, 47, 51, 58, 52, 47, 43, 51, 57, 56, 52, 41, 49, 56, 52, 49, 47, 52, 53, 48, 51, 56, 50, 49, 50, 49, 50, 51, 53, 41, 51, 57, 52, 48, 57, 49, 48, 44, 49, 42, 41, 53], [1.0466145028670628, 1.7034366726875305, 2.1070773204167685, 2.9083597660064697, 1.4864812393983204, 2.111192504564921, 2.4260488748550415, 1.0829103390375774, 2.9136260747909546, 1.7556477387746174, 1.2824472387631733, 1.9379591941833496, 2.290176292260488, 1.585180401802063, 3.19875439008077, 3.300878365834554, 2.605583389600118, 2.2666762955486774, 1.8108973503112793, 1.658180649081866, 2.415327509244283, 2.3146471977233887, 3.262617826461792, 3.394272565841675, 1.9589584668477376, 1.7223690350850422, 0.9890631586313248, 1.352155824502309, 1.776400883992513, 1.7116506099700928, 1.4850054879983265, 1.573191483815511, 2.909820079803467, 2.459705948829651, 2.0236018896102905, 2.4533875385920205, 2.199122985204061, 1.586220622062683, 1.2953327496846516, 2.4338130156199136, 2.254503011703491, 1.8382213513056438, 2.603124562650919, 4.832108020782471, 2.081061681111654, 1.3449188669522603, 1.188277502854665, 1.796164909998576, 1.4091569979985554, 2.4504162470499673, 1.3762831687927246, 2.971836050351461, 3.826536019643148, 4.29747748374939, 2.6650810639063516, 2.730186621348063, 2.036333441734314, 3.047903060913086, 2.3487666845321655, 3.404000163078308, 2.543739835421244, 0.6202470939606428, 1.6488029186924298, 2.082487940788269, 4.3260776201883955, 1.6959210634231567, 1.274769139214186, 1.324916919072469, 1.3309810360272725, 3.789125363032023, 2.917837301890055, 2.387542724609375, 1.434779514869054, 2.6634563207626343, 2.5644606749216714, 2.097070058186849, 1.781367023785909, 3.517747243245443, 2.0065622329711914, 1.1419832110404968, 2.796265959739685, 2.0387300650278726, 2.637279987335205, 2.772013505299886, 2.294335424900055, 2.0497215191523233, 1.439946989218394, 3.3209660847981772, 1.083741009235382, 1.624146083990733, 2.247143348058065, 2.5614680449167886, 0.6270431739588579, 1.4536294404630705, 1.6924659411112468, 2.106335481007894, 2.167205333709717, 3.6334635416666665, 3.2550912698109946, 2.7213749090830484]]],