{"dataset": "mnist", "num_rounds": 5, "eval_every": -1, "clients_per_round": 10, "learning_rate": 0.0144, "mu": 0, "rho": 0.0, "num_epochs": 1, "batch_size": 1, "accuracies": [[["0", "1", "10", "11", "12", "13", "14", "15", "16", "17", "18", "19", "2", "20", "21", "22", "23", "24", "25", "26", "27", "28", "29", "3", "30", "31", "32", "33", "34", "35", "36", "37", "38", "39", "4", "40", "41", "42", "43", "44", "45", "46", "47", "48", "49", "5", "50", "51", "52", "53", "54", "55", "56", "57", "58", "59", "6", "60", "61", "62", "63", "64", "65", "66", "67", "68", "69", "7", "70", "71", "72", "73", "74", "75", "76", "77", "78", "79", "8", "80", "81", "82", "83", "84", "85", "86", "87", "88", "89", "9", "90", "91", "92", "93", "94", "95", "96", "97", "98", "99"], [null, null, null, null, null, null, null, null, null, null, null, null, null, null, null, null, null, null, null, null, null, null, null, null, null, null, null, null, null, null, null, null, null, null, null, null, null, null, null, null, null, null, null, null, null, null, null, null, null, null, null, null, null, null, null, null, null, null, null, null, null, null, null, null, null, null, null, null, null, null, null, null, null, null, null, null, null, null, null, null, null, null, null, null, null, null, null, null, null, null, null, null, null, null, null, null, null, null, null, null], [70, 70, 70, 70, 70, 70, 70, 70, 70, 70, 70, 70, 70, 70, 70, 70, 70, 70, 70, 70, 70, 70, 70, 70, 70, 70, 70, 70, 70, 70, 70, 70, 70, 70, 70, 70, 70, 70, 70, 70, 70, 70, 70, 70, 70, 70, 70, 70, 70, 70, 70, 70, 70, 70, 70, 70, 70, 70, 70, 70, 70, 70, 70, 70, 70, 70, 70, 70, 70, 70, 70, 70, 70, 70, 70, 70, 70, 70, 70, 70, 70, 70, 70, 70, 70, 70, 70, 70, 70, 70, 70, 70, 70, 70, 70, 70, 70, 70, 70, 70], [51, 47, 48, 50, 42, 51, 41, 52, 45, 45, 55, 50, 51, 53, 41, 45, 46, 49, 48, 50, 45, 43, 43, 49, 47, 51, 52, 52, 48, 48, 49, 50, 46, 46, 45, 50, 42, 50, 54, 49, 47, 49, 41, 41, 49, 51, 55, 53, 53, 42, 50, 53, 47, 48, 43, 39, 51, 41, 48, 46, 51, 57, 48, 44, 42, 51, 57, 53, 49, 40, 48, 55, 48, 48, 49, 49, 54, 44, 47, 52, 49, 45, 49, 44, 48, 50, 54, 39, 51, 54, 51, 48, 54, 47, 47, 44, 47, 41, 42, 51], [2.2486911614735923, 3.347108761469523, 4.009582599004109, 5.571656862894694, 2.851337601741155, 3.7503713766733804, 5.244460423787435, 2.4167670408884683, 5.579687039057414, 3.166073739528656, 2.3670601050059, 3.717308680216471, 4.327867428461711, 2.966160297393799, 6.181828657786052, 5.792444070180257, 4.918128093083699, 4.076643103733659, 3.676848808924357, 2.928063281190892, 4.58463176091512, 4.781511465708415, 6.495563824971517, 6.193633159001668, 3.723623275756836, 3.7320125897725425, 2.0442582021156945, 2.8678980668385825, 3.4061408837636313, 3.8021763960520425, 3.3919851382573447, 2.7098348140716553, 5.89594292640686, 4.557439088821411, 3.8990468978881836, 4.886117458343506, 4.409335772196452, 3.4098575512568154, 2.5176240603129068, 4.956514040629069, 4.186046997706096, 4.070074399312337, 5.468879183133443, 8.954398314158121, 4.083990573883057, 2.450431634982427, 2.2861175537109375, 3.564464012781779, 3.0074239571889243, 4.893015702565511, 2.7758304278055825, 5.499595959981282, 6.755870262781779, 8.03365969657898, 5.010301033655803, 5.303653875986735, 3.721029281616211, 5.6219431559244795, 4.321630875269572, 7.028307596842448, 4.544117291768392, 1.253648191690445, 3.0569051603476205, 3.967566112677256, 7.580458799997966, 3.506432851155599, 2.4276359809760684, 2.9048311710357666, 2.415177861849467, 7.021056334177653, 5.221659978230794, 4.616255442301433, 2.689189394315084, 4.949808677037557, 4.569847345352173, 4.588266134262085, 3.4750820795694985, 6.782210032145183, 3.8427754243214927, 2.249606668949127, 5.457948764165242, 4.0466311772664385, 4.970933596293132, 5.3664976755778, 4.328085581461589, 3.646878957748413, 2.621779680252075, 6.348790168762207, 2.264925718307495, 3.663882255554199, 3.99664036432902, 5.193725665410359, 1.363161305586497, 2.765234483609447, 2.945664326349894, 3.8151737650235495, 4.492509762446086, 6.927015940348308, 6.280782381693522, 4.565043290456136]]],