lr,loss
0.000803755144032922,1.1174976414740088
0.0009645061728395063,1.027133526980877
0.0011574074074074076,0.9444718084335326
0.0013888888888888892,0.8717486872226
0.0016666666666666668,0.8110826622098685
0.002,0.7643588044643401
0.0024,0.7334706799834967
0.0028799999999999997,0.7207239994183183
0.0034559999999999994,0.7294183197915554
0.0041472,0.7640490534268318
