lr,loss
0.0401877572016461,
0.04822530864197532,
0.05787037037037038,
0.06944444444444446,
0.08333333333333334,
0.1,
0.12,
0.144,
0.17279999999999998,
0.20736,
