{"dataset": "mnist", "num_rounds": 5, "eval_every": -1, "clients_per_round": 10, "learning_rate": 0.0034559999999999994, "mu": 0, "rho": 0.0, "num_epochs": 1, "batch_size": 1, "accuracies": [[["0", "1", "10", "11", "12", "13", "14", "15", "16", "17", "18", "19", "2", "20", "21", "22", "23", "24", "25", "26", "27", "28", "29", "3", "30", "31", "32", "33", "34", "35", "36", "37", "38", "39", "4", "40", "41", "42", "43", "44", "45", "46", "47", "48", "49", "5", "50", "51", "52", "53", "54", "55", "56", "57", "58", "59", "6", "60", "61", "62", "63", "64", "65", "66", "67", "68", "69", "7", "70", "71", "72", "73", "74", "75", "76", "77", "78", "79", "8", "80", "81", "82", "83", "84", "85", "86", "87", "88", "89", "9", "90", "91", "92", "93", "94", "95", "96", "97", "98", "99"], [null, null, null, null, null, null, null, null, null, null, null, null, null, null, null, null, null, null, null, null, null, null, null, null, null, null, null, null, null, null, null, null, null, null, null, null, null, null, null, null, null, null, null, null, null, null, null, null, null, null, null, null, null, null, null, null, null, null, null, null, null, null, null, null, null, null, null, null, null, null, null, null, null, null, null, null, null, null, null, null, null, null, null, null, null, null, null, null, null, null, null, null, null, null, null, null, null, null, null, null], [70, 70, 70, 70, 70, 70, 70, 70, 70, 70, 70, 70, 70, 70, 70, 70, 70, 70, 70, 70, 70, 70, 70, 70, 70, 70, 70, 70, 70, 70, 70, 70, 70, 70, 70, 70, 70, 70, 70, 70, 70, 70, 70, 70, 70, 70, 70, 70, 70, 70, 70, 70, 70, 70, 70, 70, 70, 70, 70, 70, 70, 70, 70, 70, 70, 70, 70, 70, 70, 70, 70, 70, 70, 70, 70, 70, 70, 70, 70, 70, 70, 70, 70, 70, 70, 70, 70, 70, 70, 70, 70, 70, 70, 70, 70, 70, 70, 70, 70, 70], [57, 55, 54, 57, 55, 47, 54, 56, 52, 51, 50, 50, 50, 56, 54, 49, 53, 54, 54, 54, 57, 49, 50, 52, 57, 50, 49, 53, 53, 50, 49, 57, 55, 45, 52, 50, 55, 54, 58, 51, 51, 54, 55, 52, 54, 50, 57, 49, 57, 59, 54, 47, 55, 48, 57, 58, 53, 55, 55, 51, 51, 60, 57, 56, 54, 52, 54, 57, 58, 57, 57, 53, 56, 56, 55, 55, 46, 56, 58, 55, 55, 55, 53, 52, 52, 52, 60, 49, 51, 60, 56, 56, 51, 50, 55, 61, 52, 58, 49, 52], [0.6203780869642893, 0.46029142042001087, 1.2374025384585063, 0.726052979628245, 0.6028794844945272, 1.2507222493489583, 0.9085800846417745, 0.8464657167593638, 0.5662286778291067, 0.6782506455977758, 0.7372443079948425, 0.8880858023961385, 0.6887121399243673, 0.39432450383901596, 0.8786432345708212, 1.4608279863993328, 0.8342499074836572, 0.8532025019327799, 0.6021875242392222, 1.0727434754371643, 0.581886351108551, 1.3484558463096619, 1.3656232953071594, 1.0803196032842, 0.7191028594970703, 1.0574090679486592, 0.9699881027142206, 0.8663555483023325, 0.7241170157988867, 0.8429389397303263, 1.6039634744326274, 0.6000923166672388, 0.4270094285408656, 1.0732852617899578, 0.8275926113128662, 0.96207195520401, 0.5040210038423538, 0.9418874581654867, 0.5276922583580017, 0.8926248947779337, 0.6081745227177938, 0.9661603967348734, 1.760089596112569, 0.9551056226094564, 0.4088583042224248, 0.7471222182114919, 0.7040945390860239, 0.7896188795566559, 0.8804281155268351, 0.7207917968432108, 0.815173347791036, 1.9368112484614055, 0.5028437500198683, 0.8650047580401102, 1.0269726514816284, 0.5936612089474996, 0.7060053249200186, 0.7649291058381399, 0.9149700601895651, 0.8533235092957815, 0.9307132363319397, 1.102766325076421, 0.6668344015876452, 0.6915231794118881, 0.9704129497210184, 1.056450625260671, 0.8947022557258606, 0.8040972352027893, 0.7405654191970825, 1.6610608299573262, 0.7033074994881948, 0.8130459189414978, 0.4649961590766907, 0.624663715561231, 0.7211340566476186, 0.8106797734896342, 0.8413917422294617, 1.1235740184783936, 0.6849045207103094, 0.525640477736791, 0.6600899696350098, 0.49043450504541397, 0.7926410933335623, 0.9494757254918417, 1.4225615660349529, 0.8503549098968506, 0.5457366108894348, 1.3710195223490398, 0.7091405913233757, 0.43650713562965393, 0.6676365534464518, 0.6708385944366455, 1.0197578469912212, 1.4726789593696594, 0.7207943697770437, 0.6065688927968343, 0.8102545936902364, 0.737345935155948, 0.945382167895635, 1.3093417684237163]]],