{"dataset": "mnist", "num_rounds": 5, "eval_every": -1, "clients_per_round": 10, "learning_rate": 0.0048225308641975315, "mu": 0, "rho": 0.0, "num_epochs": 1, "batch_size": 1, "accuracies": [[["0", "1", "10", "11", "12", "13", "14", "15", "16", "17", "18", "19", "2", "20", "21", "22", "23", "24", "25", "26", "27", "28", "29", "3", "30", "31", "32", "33", "34", "35", "36", "37", "38", "39", "4", "40", "41", "42", "43", "44", "45", "46", "47", "48", "49", "5", "50", "51", "52", "53", "54", "55", "56", "57", "58", "59", "6", "60", "61", "62", "63", "64", "65", "66", "67", "68", "69", "7", "70", "71", "72", "73", "74", "75", "76", "77", "78", "79", "8", "80", "81", "82", "83", "84", "85", "86", "87", "88", "89", "9", "90", "91", "92", "93", "94", "95", "96", "97", "98", "99"], [null, null, null, null, null, null, null, null, null, null, null, null, null, null, null, null, null, null, null, null, null, null, null, null, null, null, null, null, null, null, null, null, null, null, null, null, null, null, null, null, null, null, null, null, null, null, null, null, null, null, null, null, null, null, null, null, null, null, null, null, null, null, null, null, null, null, null, null, null, null, null, null, null, null, null, null, null, null, null, null, null, null, null, null, null, null, null, null, null, null, null, null, null, null, null, null, null, null, null, null], [70, 70, 70, 70, 70, 70, 70, 70, 70, 70, 70, 70, 70, 70, 70, 70, 70, 70, 70, 70, 70, 70, 70, 70, 70, 70, 70, 70, 70, 70, 70, 70, 70, 70, 70, 70, 70, 70, 70, 70, 70, 70, 70, 70, 70, 70, 70, 70, 70, 70, 70, 70, 70, 70, 70, 70, 70, 70, 70, 70, 70, 70, 70, 70, 70, 70, 70, 70, 70, 70, 70, 70, 70, 70, 70, 70, 70, 70, 70, 70, 70, 70, 70, 70, 70, 70, 70, 70, 70, 70, 70, 70, 70, 70, 70, 70, 70, 70, 70, 70], [56, 55, 49, 58, 50, 52, 48, 59, 48, 47, 57, 53, 53, 57, 49, 46, 50, 51, 52, 51, 53, 50, 49, 53, 51, 50, 51, 53, 51, 52, 56, 53, 49, 50, 47, 59, 48, 57, 55, 59, 48, 52, 46, 50, 53, 52, 59, 54, 56, 49, 56, 55, 54, 52, 47, 46, 56, 48, 50, 54, 52, 58, 56, 49, 45, 56, 58, 57, 54, 46, 51, 55, 53, 50, 49, 56, 55, 48, 51, 59, 52, 52, 57, 49, 50, 54, 51, 45, 53, 57, 51, 55, 60, 51, 49, 45, 49, 45, 42, 52], [0.6016795660058657, 0.9272907574971517, 1.1571242213249207, 1.538445274035136, 0.9112759033838908, 1.2604536612828572, 1.2095995148022969, 0.5494788388411204, 1.4530279636383057, 1.007423684000969, 0.7981122036774954, 1.0621063709259033, 1.294815868139267, 0.8991281588872274, 1.7168827851613362, 1.9351052443186443, 1.4289722839991252, 1.282252664367358, 0.9777806202570597, 1.075117419163386, 1.2712840537230174, 1.1599769790967305, 1.5451175769170125, 1.9835114280382793, 1.0676968296368916, 0.7727066924174627, 0.5629927963018417, 0.6965609192848206, 0.9467751433451971, 0.7519171237945557, 0.69245420768857, 1.0935290654500325, 1.3704418738683064, 1.4763598243395488, 1.080794056256612, 1.3520439664522808, 1.1724774440129597, 0.7832689980665842, 0.7205203374226888, 1.2375545700391133, 1.248122016588847, 0.7579638759295145, 1.3925508794685204, 2.614339590072632, 1.1101975838343303, 0.8259822676579157, 0.5893646776676178, 0.9506272971630096, 0.775540734330813, 1.4361428221066792, 0.7372905115286509, 1.5789717833201091, 2.240357458591461, 2.22002504269282, 1.5337811311086018, 1.3744913538297017, 1.1528170506159465, 1.7011510133743286, 1.3927578528722127, 1.538755625486374, 1.5082664887110393, 0.4364586374722421, 0.9486845893164476, 1.292040506998698, 2.4718623558680215, 0.8288242022196451, 0.6742061351736387, 0.6485720351338387, 0.933211088180542, 2.152580976486206, 1.6269076665242512, 1.1617968082427979, 0.8659872114658356, 1.4266185561815898, 1.5386414527893066, 0.9152557055155436, 0.9371733367443085, 1.826525092124939, 1.199724833170573, 0.6929664413134257, 1.4478097955385845, 1.044396658738454, 1.5014280478159587, 1.6362061500549316, 1.3060276110967, 1.294343113899231, 0.884756882985433, 1.7748740514119465, 0.5901091347138087, 0.7904391487439474, 1.4594831864039104, 1.3451214631398518, 0.3345493621503313, 0.8627275228500366, 1.2115937272707622, 1.263683259487152, 0.998030811548233, 1.9124720493952434, 1.9240418275197346, 1.7455565333366394]]],