{"dataset": "mnist", "num_rounds": 5, "eval_every": -1, "clients_per_round": 10, "learning_rate": 0.012, "mu": 0, "rho": 0.0, "num_epochs": 1, "batch_size": 1, "accuracies": [[["0", "1", "10", "11", "12", "13", "14", "15", "16", "17", "18", "19", "2", "20", "21", "22", "23", "24", "25", "26", "27", "28", "29", "3", "30", "31", "32", "33", "34", "35", "36", "37", "38", "39", "4", "40", "41", "42", "43", "44", "45", "46", "47", "48", "49", "5", "50", "51", "52", "53", "54", "55", "56", "57", "58", "59", "6", "60", "61", "62", "63", "64", "65", "66", "67", "68", "69", "7", "70", "71", "72", "73", "74", "75", "76", "77", "78", "79", "8", "80", "81", "82", "83", "84", "85", "86", "87", "88", "89", "9", "90", "91", "92", "93", "94", "95", "96", "97", "98", "99"], [null, null, null, null, null, null, null, null, null, null, null, null, null, null, null, null, null, null, null, null, null, null, null, null, null, null, null, null, null, null, null, null, null, null, null, null, null, null, null, null, null, null, null, null, null, null, null, null, null, null, null, null, null, null, null, null, null, null, null, null, null, null, null, null, null, null, null, null, null, null, null, null, null, null, null, null, null, null, null, null, null, null, null, null, null, null, null, null, null, null, null, null, null, null, null, null, null, null, null, null], [70, 70, 70, 70, 70, 70, 70, 70, 70, 70, 70, 70, 70, 70, 70, 70, 70, 70, 70, 70, 70, 70, 70, 70, 70, 70, 70, 70, 70, 70, 70, 70, 70, 70, 70, 70, 70, 70, 70, 70, 70, 70, 70, 70, 70, 70, 70, 70, 70, 70, 70, 70, 70, 70, 70, 70, 70, 70, 70, 70, 70, 70, 70, 70, 70, 70, 70, 70, 70, 70, 70, 70, 70, 70, 70, 70, 70, 70, 70, 70, 70, 70, 70, 70, 70, 70, 70, 70, 70, 70, 70, 70, 70, 70, 70, 70, 70, 70, 70, 70], [48, 50, 50, 51, 53, 45, 47, 52, 50, 48, 50, 47, 46, 51, 52, 46, 50, 47, 51, 47, 51, 49, 47, 48, 55, 47, 49, 50, 44, 47, 47, 55, 53, 45, 48, 43, 52, 50, 50, 46, 46, 50, 53, 51, 53, 49, 53, 48, 53, 56, 52, 44, 52, 44, 48, 54, 50, 51, 52, 45, 45, 58, 48, 52, 51, 42, 47, 56, 50, 56, 51, 45, 54, 54, 48, 50, 42, 55, 51, 51, 50, 53, 51, 44, 51, 49, 57, 44, 48, 53, 54, 55, 46, 47, 52, 59, 51, 51, 50, 47], [2.398615996042887, 2.218251864115397, 5.791616201400757, 2.9416372776031494, 1.9427511543035507, 4.64318060874939, 3.7309239705403647, 4.772417426109314, 2.738226811091105, 2.690652290980021, 4.417699813842773, 4.4069632689158125, 2.9036832451820374, 1.9699896300832431, 2.547397573788961, 5.666142861048381, 3.214368941883246, 3.6911185582478843, 2.6222095092137656, 4.931397755940755, 2.4633381764094033, 5.051371018091838, 5.12454096476237, 4.472855408986409, 2.758255958557129, 4.232535203297933, 3.9637479384740195, 3.9247594674428306, 3.628235101699829, 3.8408328692118325, 7.312972625096639, 2.677634065854363, 1.5083362658818562, 4.183669288953145, 4.111705899238586, 4.713787317276001, 1.4132660782585542, 3.356875459353129, 1.7919514042635758, 3.6078821818033853, 2.4637244045734406, 4.1425479253133135, 6.465959866841634, 3.4418253103892007, 1.774895856777827, 2.9385377566019693, 3.0067257483800254, 2.8043141923844814, 3.7975677649180093, 2.3668154875437417, 3.4984412590662637, 7.758397579193115, 1.7968602205316226, 3.7254587014516196, 3.854940334955851, 2.588147819042206, 2.9013924598693848, 2.978093385696411, 3.3203625679016113, 3.5664409001668296, 4.858379602432251, 4.559354941050212, 2.1917895215253034, 2.6738537152608237, 4.0856194496154785, 4.340360323588054, 3.7197147210439048, 3.007530172665914, 2.9926865498224893, 6.011996785799663, 2.7030462423960366, 3.3919462263584137, 1.537384271621704, 2.4583986600240073, 2.343664618829886, 3.280602137247721, 3.6715292930603027, 5.218763778607051, 2.6496575673421225, 2.387214779853821, 2.6629908084869385, 1.6449527541796367, 2.796098599831263, 4.17181928952535, 5.1370095411936445, 3.412283261617025, 2.141154090563456, 5.777747790018718, 2.801034557322661, 1.9858269294102986, 2.225104480981827, 2.0462504227956138, 4.998900492986043, 5.832180579503377, 2.9034520785013833, 1.9095773299535115, 2.2743698259194693, 2.620364308357227, 3.291630730032921, 4.6052766640981035]]],