{"dataset": "mnist", "num_rounds": 5, "eval_every": -1, "clients_per_round": 10, "learning_rate": 0.0028799999999999997, "mu": 0, "rho": 0.0, "num_epochs": 1, "batch_size": 1, "accuracies": [[["0", "1", "10", "11", "12", "13", "14", "15", "16", "17", "18", "19", "2", "20", "21", "22", "23", "24", "25", "26", "27", "28", "29", "3", "30", "31", "32", "33", "34", "35", "36", "37", "38", "39", "4", "40", "41", "42", "43", "44", "45", "46", "47", "48", "49", "5", "50", "51", "52", "53", "54", "55", "56", "57", "58", "59", "6", "60", "61", "62", "63", "64", "65", "66", "67", "68", "69", "7", "70", "71", "72", "73", "74", "75", "76", "77", "78", "79", "8", "80", "81", "82", "83", "84", "85", "86", "87", "88", "89", "9", "90", "91", "92", "93", "94", "95", "96", "97", "98", "99"], [null, null, null, null, null, null, null, null, null, null, null, null, null, null, null, null, null, null, null, null, null, null, null, null, null, null, null, null, null, null, null, null, null, null, null, null, null, null, null, null, null, null, null, null, null, null, null, null, null, null, null, null, null, null, null, null, null, null, null, null, null, null, null, null, null, null, null, null, null, null, null, null, null, null, null, null, null, null, null, null, null, null, null, null, null, null, null, null, null, null, null, null, null, null, null, null, null, null, null, null], [70, 70, 70, 70, 70, 70, 70, 70, 70, 70, 70, 70, 70, 70, 70, 70, 70, 70, 70, 70, 70, 70, 70, 70, 70, 70, 70, 70, 70, 70, 70, 70, 70, 70, 70, 70, 70, 70, 70, 70, 70, 70, 70, 70, 70, 70, 70, 70, 70, 70, 70, 70, 70, 70, 70, 70, 70, 70, 70, 70, 70, 70, 70, 70, 70, 70, 70, 70, 70, 70, 70, 70, 70, 70, 70, 70, 70, 70, 70, 70, 70, 70, 70, 70, 70, 70, 70, 70, 70, 70, 70, 70, 70, 70, 70, 70, 70, 70, 70, 70], [59, 58, 57, 60, 57, 52, 54, 59, 56, 54, 54, 56, 54, 60, 54, 51, 56, 56, 56, 56, 59, 54, 50, 54, 58, 55, 51, 57, 55, 53, 50, 59, 57, 48, 53, 52, 55, 55, 58, 54, 54, 54, 55, 53, 59, 52, 58, 50, 56, 60, 56, 48, 57, 52, 56, 60, 57, 57, 56, 52, 55, 61, 58, 57, 57, 52, 55, 60, 59, 56, 61, 53, 56, 56, 58, 57, 50, 55, 58, 58, 56, 57, 57, 53, 52, 52, 62, 48, 52, 63, 54, 57, 53, 52, 56, 61, 55, 60, 52, 55], [0.5251824160416921, 0.36652505894502, 0.9331494669119517, 0.5711082716782888, 0.5391154686609904, 1.05510409673055, 0.7262658476829529, 0.5660034418106079, 0.46450092395146686, 0.5533571019768715, 0.4898214240868886, 0.6671797434488932, 0.575038934747378, 0.3142799610892932, 0.8010813196500143, 1.1849889159202576, 0.6862371315558752, 0.721066435178121, 0.4623771260182063, 0.823991616566976, 0.4784135123093923, 1.084577202796936, 1.0870913068453472, 0.8555359045664469, 0.6038287182648977, 0.838791012763977, 0.7551443129777908, 0.6341341733932495, 0.557405928770701, 0.6282283067703247, 1.1645165880521138, 0.4714159319798152, 0.39176152646541595, 0.8619892497857412, 0.6235888103644053, 0.7041090031464895, 0.47737792134284973, 0.745202640692393, 0.4625197649002075, 0.7145651280879974, 0.5157251556714376, 0.7295052607854208, 1.43767249584198, 0.8112319310506185, 0.34002065658569336, 0.6104040841261545, 0.5634318689505259, 0.6530260841051737, 0.6742951273918152, 0.6356849372386932, 0.6593979696432749, 1.5202478567759197, 0.4267009049654007, 0.6708705822626749, 0.8735930422941843, 0.4885038236776988, 0.5912615557511648, 0.6452730794747671, 0.7690166234970093, 0.6614880760510763, 0.7234772245089213, 0.8523420989513397, 0.5813957800467809, 0.5849756052096685, 0.7690137724081675, 0.8435057997703552, 0.6838100949923197, 0.6683720747629801, 0.5953646898269653, 1.4070777396361034, 0.6078081925710043, 0.6563097337881724, 0.40582335491975147, 0.5377179036537806, 0.6569884121417999, 0.6491303145885468, 0.6499054680267969, 0.8268231153488159, 0.5894196877876917, 0.4112569987773895, 0.5290254453818003, 0.4331233004728953, 0.6754116639494896, 0.7135113477706909, 1.1583622694015503, 0.7113715807596842, 0.4717915852864583, 1.0729065537452698, 0.5660752579569817, 0.3544943332672119, 0.6025905013084412, 0.6163820226987203, 0.7254481911659241, 1.1307754119237263, 0.6009649236996969, 0.55494225025177, 0.7243764201800028, 0.6288186311721802, 0.7947307328383127, 1.1217751105626423]]],