{"dataset": "mnist", "num_rounds": 5, "eval_every": -1, "clients_per_round": 10, "learning_rate": 0.0041472, "mu": 0, "rho": 0.0, "num_epochs": 1, "batch_size": 1, "accuracies": [[["0", "1", "10", "11", "12", "13", "14", "15", "16", "17", "18", "19", "2", "20", "21", "22", "23", "24", "25", "26", "27", "28", "29", "3", "30", "31", "32", "33", "34", "35", "36", "37", "38", "39", "4", "40", "41", "42", "43", "44", "45", "46", "47", "48", "49", "5", "50", "51", "52", "53", "54", "55", "56", "57", "58", "59", "6", "60", "61", "62", "63", "64", "65", "66", "67", "68", "69", "7", "70", "71", "72", "73", "74", "75", "76", "77", "78", "79", "8", "80", "81", "82", "83", "84", "85", "86", "87", "88", "89", "9", "90", "91", "92", "93", "94", "95", "96", "97", "98", "99"], [null, null, null, null, null, null, null, null, null, null, null, null, null, null, null, null, null, null, null, null, null, null, null, null, null, null, null, null, null, null, null, null, null, null, null, null, null, null, null, null, null, null, null, null, null, null, null, null, null, null, null, null, null, null, null, null, null, null, null, null, null, null, null, null, null, null, null, null, null, null, null, null, null, null, null, null, null, null, null, null, null, null, null, null, null, null, null, null, null, null, null, null, null, null, null, null, null, null, null, null], [70, 70, 70, 70, 70, 70, 70, 70, 70, 70, 70, 70, 70, 70, 70, 70, 70, 70, 70, 70, 70, 70, 70, 70, 70, 70, 70, 70, 70, 70, 70, 70, 70, 70, 70, 70, 70, 70, 70, 70, 70, 70, 70, 70, 70, 70, 70, 70, 70, 70, 70, 70, 70, 70, 70, 70, 70, 70, 70, 70, 70, 70, 70, 70, 70, 70, 70, 70, 70, 70, 70, 70, 70, 70, 70, 70, 70, 70, 70, 70, 70, 70, 70, 70, 70, 70, 70, 70, 70, 70, 70, 70, 70, 70, 70, 70, 70, 70, 70, 70], [55, 54, 52, 56, 56, 47, 53, 55, 51, 51, 50, 49, 48, 54, 53, 48, 53, 50, 53, 53, 53, 48, 50, 51, 57, 49, 50, 53, 52, 48, 50, 54, 54, 45, 49, 50, 53, 54, 55, 49, 47, 53, 54, 52, 54, 49, 57, 49, 56, 56, 53, 46, 55, 46, 55, 55, 53, 52, 53, 48, 49, 60, 55, 53, 54, 50, 54, 55, 55, 56, 55, 47, 57, 56, 54, 51, 44, 56, 55, 53, 54, 54, 53, 51, 52, 52, 59, 48, 48, 60, 55, 56, 48, 50, 55, 60, 54, 57, 49, 50], [0.7526373763879141, 0.5926941533883413, 1.628489116827647, 0.9155258138974508, 0.6882267594337463, 1.5063405831654866, 1.1459996501604717, 1.1947930653889973, 0.7409732540448507, 0.8350322196880976, 1.0583599209785461, 1.1761712233225505, 0.8424001932144165, 0.5162978122631708, 0.9942571818828583, 1.799123485883077, 1.0234369194755952, 1.0546591679255168, 0.7705851991971334, 1.3831913073857625, 0.7218441665172577, 1.6686685880025227, 1.7015191316604614, 1.354655106862386, 0.8776634732882181, 1.3241267999013264, 1.2303206374247868, 1.1430455644925435, 0.9505400657653809, 1.1133453845977783, 2.1282577912012735, 0.7686858301361402, 0.4876558979352315, 1.3334212899208069, 1.102971076965332, 1.2886631488800049, 0.55943763256073, 1.179151217142741, 0.6112009137868881, 1.122636040051778, 0.745212972164154, 1.2481383085250854, 2.1431728998819985, 1.147952715555827, 0.5150018036365509, 0.9181460042794546, 0.878830482562383, 0.9554061392943064, 1.1329878369967143, 0.8413714170455933, 1.0233500997225444, 2.437708854675293, 0.6099874054392179, 1.1116571426391602, 1.2280179460843403, 0.7428103486696879, 0.8647367258866628, 0.92931400736173, 1.1013873020807903, 1.0988850394884746, 1.2381251056989033, 1.398508111635844, 0.7783098941047987, 0.8417017261187235, 1.21858145793279, 1.3239977558453877, 1.1264466643333435, 0.973272442817688, 0.9232518076896667, 1.994609425465266, 0.8490025401115417, 1.0127793699502945, 0.5434706956148148, 0.7627409895261129, 0.8074996670087179, 1.0230189859867096, 1.0666157901287079, 1.470879813035329, 0.8120808303356171, 0.6750231881936392, 0.826418379942576, 0.5746612250804901, 0.9446890751520792, 1.2383634646733601, 1.7451025247573853, 1.0379970868428547, 0.6471737027168274, 1.7444824775060017, 0.8822919229666392, 0.5554512242476145, 0.7679522335529327, 0.7575203975041708, 1.3662609656651814, 1.8652215401331584, 0.8887166778246561, 0.6942983865737915, 0.900370717048645, 0.8945436490854869, 1.13944877187411, 1.5405600468317668]]],