{"dataset": "mnist", "num_rounds": 5, "eval_every": -1, "clients_per_round": 10, "learning_rate": 0.0024, "mu": 0, "rho": 0.0, "num_epochs": 1, "batch_size": 1, "accuracies": [[["0", "1", "10", "11", "12", "13", "14", "15", "16", "17", "18", "19", "2", "20", "21", "22", "23", "24", "25", "26", "27", "28", "29", "3", "30", "31", "32", "33", "34", "35", "36", "37", "38", "39", "4", "40", "41", "42", "43", "44", "45", "46", "47", "48", "49", "5", "50", "51", "52", "53", "54", "55", "56", "57", "58", "59", "6", "60", "61", "62", "63", "64", "65", "66", "67", "68", "69", "7", "70", "71", "72", "73", "74", "75", "76", "77", "78", "79", "8", "80", "81", "82", "83", "84", "85", "86", "87", "88", "89", "9", "90", "91", "92", "93", "94", "95", "96", "97", "98", "99"], [null, null, null, null, null, null, null, null, null, null, null, null, null, null, null, null, null, null, null, null, null, null, null, null, null, null, null, null, null, null, null, null, null, null, null, null, null, null, null, null, null, null, null, null, null, null, null, null, null, null, null, null, null, null, null, null, null, null, null, null, null, null, null, null, null, null, null, null, null, null, null, null, null, null, null, null, null, null, null, null, null, null, null, null, null, null, null, null, null, null, null, null, null, null, null, null, null, null, null, null], [70, 70, 70, 70, 70, 70, 70, 70, 70, 70, 70, 70, 70, 70, 70, 70, 70, 70, 70, 70, 70, 70, 70, 70, 70, 70, 70, 70, 70, 70, 70, 70, 70, 70, 70, 70, 70, 70, 70, 70, 70, 70, 70, 70, 70, 70, 70, 70, 70, 70, 70, 70, 70, 70, 70, 70, 70, 70, 70, 70, 70, 70, 70, 70, 70, 70, 70, 70, 70, 70, 70, 70, 70, 70, 70, 70, 70, 70, 70, 70, 70, 70, 70, 70, 70, 70, 70, 70, 70, 70, 70, 70, 70, 70, 70, 70, 70, 70, 70, 70], [59, 62, 60, 60, 58, 52, 57, 65, 57, 56, 57, 60, 58, 62, 56, 54, 56, 59, 59, 58, 62, 56, 53, 54, 58, 57, 52, 58, 57, 58, 53, 60, 58, 50, 58, 58, 56, 54, 61, 59, 56, 60, 54, 55, 64, 53, 62, 55, 59, 61, 59, 52, 59, 55, 55, 61, 57, 59, 60, 57, 59, 61, 57, 58, 60, 57, 59, 62, 59, 57, 62, 56, 59, 58, 57, 59, 54, 57, 60, 61, 57, 59, 57, 53, 51, 55, 62, 48, 53, 64, 57, 58, 56, 56, 57, 62, 57, 59, 53, 57], [0.48159360885620117, 0.319203183054924, 0.7487205465634664, 0.47339649001757306, 0.5046672026316324, 0.9254680474599203, 0.6305785179138184, 0.39286914467811584, 0.4280182619889577, 0.47383899490038556, 0.35434212783972424, 0.5351389249165853, 0.5031875471274058, 0.28568318982919055, 0.7772931257883707, 0.9859683513641357, 0.5929998680949211, 0.6618685722351074, 0.3741445119182269, 0.6595502694447836, 0.4186447660128276, 0.8922347327073415, 0.8960528175036112, 0.696199099222819, 0.5484467347462972, 0.6919918258984884, 0.6079845527807871, 0.46685677766799927, 0.4591895168026288, 0.49638553460439044, 0.8619685173034668, 0.3944854239622752, 0.3901708424091339, 0.722454289595286, 0.5061154862244924, 0.5438641707102457, 0.4960033098856608, 0.6179752747217814, 0.4236404796441396, 0.6122310360272726, 0.4751998782157898, 0.5713881254196167, 1.178511877854665, 0.7377270261446635, 0.31342125435670215, 0.517206460237503, 0.4702255427837372, 0.5577767491340637, 0.5358173549175262, 0.5953695674737295, 0.5775444110234579, 1.2009377479553223, 0.3951885054508845, 0.5530444582303365, 0.7717832326889038, 0.44454558690388996, 0.5274940431118011, 0.5745158543189367, 0.6744908690452576, 0.566103200117747, 0.595794270435969, 0.6607270936171213, 0.5254666109879812, 0.5294315616289774, 0.6431280275185903, 0.7067325313886007, 0.5238030254840851, 0.5773401161034902, 0.4948449730873108, 1.2335893313090007, 0.5634714861710867, 0.5511171122392019, 0.37826967736085254, 0.5250877837340037, 0.6116124043862025, 0.5466416676839193, 0.5130558758974075, 0.6046545803546906, 0.5281027307113012, 0.3501640409231186, 0.4530535240968068, 0.41069990893205005, 0.5938678979873657, 0.5536071062088013, 0.968700091044108, 0.6317739486694336, 0.4277067879835765, 0.870024840037028, 0.4767704705397288, 0.3165963441133499, 0.5791724324226379, 0.5950314005215963, 0.5251652101675669, 0.8765864968299866, 0.5304758052031199, 0.5445997218290964, 0.6513887544473013, 0.5634157949437698, 0.7078337669372559, 0.9791139364242554]]],