{"dataset": "mnist", "num_rounds": 5, "eval_every": -1, "clients_per_round": 10, "learning_rate": 0.006944444444444446, "mu": 0, "rho": 0.0, "num_epochs": 1, "batch_size": 1, "accuracies": [[["0", "1", "10", "11", "12", "13", "14", "15", "16", "17", "18", "19", "2", "20", "21", "22", "23", "24", "25", "26", "27", "28", "29", "3", "30", "31", "32", "33", "34", "35", "36", "37", "38", "39", "4", "40", "41", "42", "43", "44", "45", "46", "47", "48", "49", "5", "50", "51", "52", "53", "54", "55", "56", "57", "58", "59", "6", "60", "61", "62", "63", "64", "65", "66", "67", "68", "69", "7", "70", "71", "72", "73", "74", "75", "76", "77", "78", "79", "8", "80", "81", "82", "83", "84", "85", "86", "87", "88", "89", "9", "90", "91", "92", "93", "94", "95", "96", "97", "98", "99"], [null, null, null, null, null, null, null, null, null, null, null, null, null, null, null, null, null, null, null, null, null, null, null, null, null, null, null, null, null, null, null, null, null, null, null, null, null, null, null, null, null, null, null, null, null, null, null, null, null, null, null, null, null, null, null, null, null, null, null, null, null, null, null, null, null, null, null, null, null, null, null, null, null, null, null, null, null, null, null, null, null, null, null, null, null, null, null, null, null, null, null, null, null, null, null, null, null, null, null, null], [70, 70, 70, 70, 70, 70, 70, 70, 70, 70, 70, 70, 70, 70, 70, 70, 70, 70, 70, 70, 70, 70, 70, 70, 70, 70, 70, 70, 70, 70, 70, 70, 70, 70, 70, 70, 70, 70, 70, 70, 70, 70, 70, 70, 70, 70, 70, 70, 70, 70, 70, 70, 70, 70, 70, 70, 70, 70, 70, 70, 70, 70, 70, 70, 70, 70, 70, 70, 70, 70, 70, 70, 70, 70, 70, 70, 70, 70, 70, 70, 70, 70, 70, 70, 70, 70, 70, 70, 70, 70, 70, 70, 70, 70, 70, 70, 70, 70, 70, 70], [56, 53, 48, 54, 46, 53, 42, 56, 43, 48, 55, 52, 53, 55, 45, 48, 48, 51, 50, 51, 46, 47, 45, 49, 50, 52, 52, 53, 50, 50, 53, 50, 48, 50, 45, 54, 45, 52, 53, 54, 49, 53, 45, 46, 53, 51, 58, 53, 56, 48, 54, 55, 50, 51, 48, 44, 56, 43, 50, 50, 52, 59, 54, 46, 44, 53, 57, 55, 53, 42, 49, 56, 53, 49, 47, 54, 56, 48, 51, 58, 51, 50, 51, 48, 51, 51, 52, 41, 52, 59, 51, 51, 58, 53, 50, 43, 47, 42, 42, 52], [0.8434921329220136, 1.3943696022033691, 1.7005884250005086, 2.3279722531636557, 1.2201821357011795, 1.7592225074768066, 1.8779168923695881, 0.8405646880467733, 2.3122825225194297, 1.448591152826945, 1.0661758482456207, 1.5653866132100422, 1.8658219178517659, 1.3004740476608276, 2.567425092061361, 2.7644424438476562, 2.1161851485570273, 1.8681461364030838, 1.4321840405464172, 1.4190475344657898, 1.937537690003713, 1.8081613381703694, 2.5583808024724326, 2.820015013217926, 1.591651697953542, 1.3019764423370361, 0.7920711288849512, 1.0566290815671284, 1.434152086575826, 1.2840977907180786, 1.1274241854747136, 1.381747563680013, 2.276238044102987, 2.0426308314005532, 1.6205902099609375, 1.9657365481058757, 1.759290297826131, 1.2106685241063435, 1.0508023103078206, 1.9073325792948406, 1.8390919367472331, 1.3652085661888123, 2.1033231522887945, 3.9356189171473184, 1.6585591236750286, 1.1241045246521633, 0.9430813988049825, 1.4392110308011372, 1.1220612625281017, 1.9930060307184856, 1.0931090513865154, 2.4080832799275718, 3.192187507947286, 3.467656890551249, 2.1878643234570823, 2.173009236653646, 1.6742374499638875, 2.505714495976766, 1.9384888013203938, 2.6172659397125244, 2.1196950674057007, 0.5327546798313657, 1.3616807982325554, 1.733331302801768, 3.593980153401693, 1.316859285036723, 1.0244659843544166, 1.0335049380858738, 1.1580953001976013, 3.113656679789225, 2.4020657539367676, 1.8962525526682537, 1.1971699396769206, 2.1644928057988486, 2.139925161997477, 1.585028608640035, 1.4295154015223186, 2.807422637939453, 1.633959174156189, 0.9335969686508179, 2.2314968506495156, 1.6291621526082356, 2.1459796031316123, 2.2612385749816895, 1.8635147611300151, 1.741821527481079, 1.2056886951128643, 2.68904701868693, 0.856533279021581, 1.2486391762892406, 1.9077021678288777, 2.022050460179647, 0.49368057182679576, 1.199765316870374, 1.475617527961731, 1.7544304132461548, 1.674839695294698, 2.9343790213267007, 2.649059812227885, 2.3372384707132974]]],