{"dataset": "mnist", "num_rounds": 5, "eval_every": -1, "clients_per_round": 10, "learning_rate": 0.0048225308641975315, "mu": 0, "rho": 0.0, "num_epochs": 1, "batch_size": 1, "accuracies": [[["0", "1", "10", "11", "12", "13", "14", "15", "16", "17", "18", "19", "2", "20", "21", "22", "23", "24", "25", "26", "27", "28", "29", "3", "30", "31", "32", "33", "34", "35", "36", "37", "38", "39", "4", "40", "41", "42", "43", "44", "45", "46", "47", "48", "49", "5", "50", "51", "52", "53", "54", "55", "56", "57", "58", "59", "6", "60", "61", "62", "63", "64", "65", "66", "67", "68", "69", "7", "70", "71", "72", "73", "74", "75", "76", "77", "78", "79", "8", "80", "81", "82", "83", "84", "85", "86", "87", "88", "89", "9", "90", "91", "92", "93", "94", "95", "96", "97", "98", "99"], [null, null, null, null, null, null, null, null, null, null, null, null, null, null, null, null, null, null, null, null, null, null, null, null, null, null, null, null, null, null, null, null, null, null, null, null, null, null, null, null, null, null, null, null, null, null, null, null, null, null, null, null, null, null, null, null, null, null, null, null, null, null, null, null, null, null, null, null, null, null, null, null, null, null, null, null, null, null, null, null, null, null, null, null, null, null, null, null, null, null, null, null, null, null, null, null, null, null, null, null], [70, 70, 70, 70, 70, 70, 70, 70, 70, 70, 70, 70, 70, 70, 70, 70, 70, 70, 70, 70, 70, 70, 70, 70, 70, 70, 70, 70, 70, 70, 70, 70, 70, 70, 70, 70, 70, 70, 70, 70, 70, 70, 70, 70, 70, 70, 70, 70, 70, 70, 70, 70, 70, 70, 70, 70, 70, 70, 70, 70, 70, 70, 70, 70, 70, 70, 70, 70, 70, 70, 70, 70, 70, 70, 70, 70, 70, 70, 70, 70, 70, 70, 70, 70, 70, 70, 70, 70, 70, 70, 70, 70, 70, 70, 70, 70, 70, 70, 70, 70], [54, 54, 52, 55, 56, 46, 52, 53, 51, 50, 50, 49, 47, 54, 52, 48, 53, 48, 52, 52, 53, 48, 48, 49, 57, 48, 49, 51, 50, 48, 50, 54, 54, 45, 49, 48, 53, 52, 55, 49, 45, 52, 55, 52, 53, 50, 57, 49, 55, 56, 52, 46, 55, 47, 52, 55, 53, 53, 53, 48, 48, 60, 52, 53, 54, 46, 51, 55, 53, 56, 53, 46, 55, 56, 54, 51, 44, 56, 54, 53, 51, 54, 51, 49, 51, 51, 58, 46, 48, 59, 54, 55, 46, 50, 55, 60, 50, 56, 49, 51], [0.8840749561786652, 0.7294076681137085, 2.0083059867223105, 1.0920932094256084, 0.7791988352934519, 1.766292651494344, 1.3766788244247437, 1.5241591334342957, 0.9281480113665262, 0.9878133883078893, 1.3656290769577026, 1.459397315979004, 1.0033740003903706, 0.6418356150388718, 1.1149807572364807, 2.130980889002482, 1.211942858994007, 1.2742938995361328, 0.9310217003027598, 1.6875468889872234, 0.8647983769575754, 1.973705490430196, 2.0141716400782266, 1.6220800081888835, 1.0380403598149617, 1.5798708597819011, 1.4755073984464009, 1.4035051067670186, 1.1767733295758565, 1.3678210576375325, 2.6128541231155396, 0.9380133797725042, 0.5536743054787318, 1.583972414334615, 1.3780442476272583, 1.6007446646690369, 0.6220237265030543, 1.3924560546875, 0.6966945926348368, 1.3421228726704915, 0.8898873875538508, 1.5081424713134766, 2.516676147778829, 1.3401328325271606, 0.6242523243029913, 1.0872481067975361, 1.0478351910909016, 1.1139454543590546, 1.3738462527592976, 0.9665641387303671, 1.2315864165623982, 2.9181402921676636, 0.7148743867874146, 1.349448601404826, 1.4338099360466003, 0.8883700867493948, 1.029548019170761, 1.0992152492205303, 1.2864969571431477, 1.3287079135576885, 1.5644780397415161, 1.6789092818895976, 0.8919910043478012, 0.9954397777716318, 1.4554052750269573, 1.5839071869850159, 1.3431904911994934, 1.1398932139078777, 1.1018163760503132, 2.3333763976891837, 1.0050504207611084, 1.212124263246854, 0.6208257575829824, 0.9069984157880148, 0.9074961245059967, 1.2243635853131611, 1.2817748387654622, 1.8029052217801411, 0.9474576810995737, 0.8196300466855367, 0.9852080742518107, 0.6628025633593401, 1.0996060421069462, 1.5072221755981445, 2.0528862873713174, 1.2330519358317058, 0.7549456357955933, 2.1058446168899536, 1.0473229164878528, 0.67832151055336, 0.879181981086731, 0.8537396788597107, 1.687630256017049, 2.2243498961130777, 1.0632798473040264, 0.7893240451812744, 0.9904661575953165, 1.0446537372772582, 1.3256950577100117, 1.77834685643514]]],