{"dataset": "mnist", "num_rounds": 5, "eval_every": -1, "clients_per_round": 10, "learning_rate": 0.017279999999999997, "mu": 0, "rho": 0.0, "num_epochs": 1, "batch_size": 1, "accuracies": [[["0", "1", "10", "11", "12", "13", "14", "15", "16", "17", "18", "19", "2", "20", "21", "22", "23", "24", "25", "26", "27", "28", "29", "3", "30", "31", "32", "33", "34", "35", "36", "37", "38", "39", "4", "40", "41", "42", "43", "44", "45", "46", "47", "48", "49", "5", "50", "51", "52", "53", "54", "55", "56", "57", "58", "59", "6", "60", "61", "62", "63", "64", "65", "66", "67", "68", "69", "7", "70", "71", "72", "73", "74", "75", "76", "77", "78", "79", "8", "80", "81", "82", "83", "84", "85", "86", "87", "88", "89", "9", "90", "91", "92", "93", "94", "95", "96", "97", "98", "99"], [null, null, null, null, null, null, null, null, null, null, null, null, null, null, null, null, null, null, null, null, null, null, null, null, null, null, null, null, null, null, null, null, null, null, null, null, null, null, null, null, null, null, null, null, null, null, null, null, null, null, null, null, null, null, null, null, null, null, null, null, null, null, null, null, null, null, null, null, null, null, null, null, null, null, null, null, null, null, null, null, null, null, null, null, null, null, null, null, null, null, null, null, null, null, null, null, null, null, null, null], [70, 70, 70, 70, 70, 70, 70, 70, 70, 70, 70, 70, 70, 70, 70, 70, 70, 70, 70, 70, 70, 70, 70, 70, 70, 70, 70, 70, 70, 70, 70, 70, 70, 70, 70, 70, 70, 70, 70, 70, 70, 70, 70, 70, 70, 70, 70, 70, 70, 70, 70, 70, 70, 70, 70, 70, 70, 70, 70, 70, 70, 70, 70, 70, 70, 70, 70, 70, 70, 70, 70, 70, 70, 70, 70, 70, 70, 70, 70, 70, 70, 70, 70, 70, 70, 70, 70, 70, 70, 70, 70, 70, 70, 70, 70, 70, 70, 70, 70, 70], [48, 50, 51, 51, 53, 43, 47, 51, 50, 48, 50, 47, 46, 51, 52, 46, 50, 47, 52, 47, 51, 49, 46, 48, 54, 46, 48, 49, 45, 47, 47, 55, 53, 45, 48, 43, 52, 48, 50, 46, 46, 51, 51, 51, 52, 49, 53, 48, 53, 55, 52, 43, 52, 44, 47, 54, 49, 51, 52, 45, 42, 58, 48, 52, 50, 42, 47, 56, 49, 56, 51, 45, 54, 52, 48, 51, 42, 55, 51, 51, 49, 52, 51, 44, 51, 49, 57, 44, 47, 53, 54, 54, 46, 46, 52, 58, 51, 51, 50, 47], [3.531347612539927, 3.278048833211263, 8.469051202138266, 4.23725684483846, 2.8005762646595636, 6.75592056910197, 5.433110952377319, 7.061395804087321, 4.014200607935588, 3.9354772766431174, 6.533140182495117, 6.441720485687256, 4.301921526590983, 2.9509053168197474, 3.643301844596863, 8.195884545644125, 4.657451171427965, 5.4075227578481035, 3.863699992497762, 7.215878804524739, 3.620863199234009, 7.2810869216918945, 7.367063442866008, 6.5567779541015625, 4.022461811701457, 6.112568378448486, 5.7323873564600945, 5.7277750968933105, 5.381102403004964, 5.578902403513591, 10.647407690684, 3.934253048408815, 2.229886213938395, 6.125723838806152, 6.061193545659383, 6.936095476150513, 2.024612188960115, 4.805102348327637, 2.6158159219970307, 5.2391180992126465, 3.5994982396562896, 6.042843182881673, 9.388427575429281, 5.01612385114034, 2.582829395929972, 4.31901478767395, 4.497939825057983, 4.101728365135689, 5.544929663340251, 3.3987194697062173, 5.150494893391927, 11.25564702351888, 2.5653912015259266, 5.434237639109294, 5.639757394790649, 3.842083474000295, 4.254921833674113, 4.359160820643107, 4.835014820098877, 5.218032121658325, 7.177019755045573, 6.6627756754557295, 3.1688005477190018, 3.864646395047506, 5.95336635907491, 6.2871222496032715, 5.434077978134155, 4.377423365910848, 4.367157379786174, 8.702194015185038, 3.927201271057129, 4.949100891749064, 2.2374025086561837, 3.5849411487579346, 3.4411648605018854, 4.763326088587443, 5.4059163729349775, 7.580228209495544, 3.90364146232605, 3.5083146492640176, 3.9026359717051187, 2.3780935391550884, 4.056185662746429, 6.062937100728353, 7.410171826680501, 5.002142747243245, 3.1221391359965005, 8.425650119781494, 4.053360427419345, 2.928738594055176, 3.224225692451, 2.951267123222351, 7.313542366027832, 8.457138220469156, 4.194029172261556, 2.7610864639282227, 3.2561088676253953, 3.797671635945638, 4.756189280189574, 6.74112335840861]]],