{"dataset": "mnist", "num_rounds": 5, "eval_every": -1, "clients_per_round": 10, "learning_rate": 0.020736, "mu": 0, "rho": 0.0, "num_epochs": 1, "batch_size": 1, "accuracies": [[["0", "1", "10", "11", "12", "13", "14", "15", "16", "17", "18", "19", "2", "20", "21", "22", "23", "24", "25", "26", "27", "28", "29", "3", "30", "31", "32", "33", "34", "35", "36", "37", "38", "39", "4", "40", "41", "42", "43", "44", "45", "46", "47", "48", "49", "5", "50", "51", "52", "53", "54", "55", "56", "57", "58", "59", "6", "60", "61", "62", "63", "64", "65", "66", "67", "68", "69", "7", "70", "71", "72", "73", "74", "75", "76", "77", "78", "79", "8", "80", "81", "82", "83", "84", "85", "86", "87", "88", "89", "9", "90", "91", "92", "93", "94", "95", "96", "97", "98", "99"], [null, null, null, null, null, null, null, null, null, null, null, null, null, null, null, null, null, null, null, null, null, null, null, null, null, null, null, null, null, null, null, null, null, null, null, null, null, null, null, null, null, null, null, null, null, null, null, null, null, null, null, null, null, null, null, null, null, null, null, null, null, null, null, null, null, null, null, null, null, null, null, null, null, null, null, null, null, null, null, null, null, null, null, null, null, null, null, null, null, null, null, null, null, null, null, null, null, null, null, null], [70, 70, 70, 70, 70, 70, 70, 70, 70, 70, 70, 70, 70, 70, 70, 70, 70, 70, 70, 70, 70, 70, 70, 70, 70, 70, 70, 70, 70, 70, 70, 70, 70, 70, 70, 70, 70, 70, 70, 70, 70, 70, 70, 70, 70, 70, 70, 70, 70, 70, 70, 70, 70, 70, 70, 70, 70, 70, 70, 70, 70, 70, 70, 70, 70, 70, 70, 70, 70, 70, 70, 70, 70, 70, 70, 70, 70, 70, 70, 70, 70, 70, 70, 70, 70, 70, 70, 70, 70, 70, 70, 70, 70, 70, 70, 70, 70, 70, 70, 70], [51, 44, 46, 50, 42, 50, 40, 51, 45, 44, 54, 50, 51, 53, 40, 45, 46, 48, 48, 49, 45, 42, 41, 49, 45, 51, 52, 50, 48, 48, 49, 48, 44, 43, 45, 50, 42, 50, 52, 49, 47, 49, 41, 41, 49, 50, 55, 53, 53, 42, 50, 53, 47, 47, 42, 39, 50, 41, 47, 45, 51, 58, 46, 44, 41, 50, 56, 53, 48, 39, 48, 54, 48, 43, 49, 48, 52, 44, 46, 51, 50, 45, 49, 43, 46, 50, 53, 38, 50, 53, 51, 47, 52, 48, 48, 44, 47, 41, 41, 50], [3.62406325340271, 5.188314119974772, 6.022256374359131, 8.329264640808105, 4.325284639994304, 5.480022430419922, 8.239416917165121, 3.8597451051076255, 8.342960675557455, 4.653586030006409, 3.5249951680501304, 5.599721272786458, 6.485321283340454, 4.422999382019043, 9.298396269480387, 8.416846434275309, 7.347050031026204, 5.9872761421526475, 5.629241069157918, 4.397942930886832, 6.817481517791748, 7.355257352193196, 9.802572886149088, 9.201976299285889, 5.646109104156494, 5.790116469065349, 3.2420182824134827, 4.46275536219279, 5.138541380564372, 5.948991139729817, 5.42058801651001, 4.006268342336019, 9.074110825856527, 6.879958629608154, 5.8365092277526855, 7.482606649398804, 6.740067481994629, 5.286959966023763, 3.833000659942627, 7.575790882110596, 6.237573782602946, 6.326070149739583, 8.54521369934082, 13.303020795186361, 6.190192619959514, 3.6337296962738037, 3.4198157787323, 5.420397122701009, 4.70052695274353, 7.7543792724609375, 4.257736921310425, 8.123566627502441, 9.817776203155518, 11.914373556772867, 7.5370369752248125, 7.967462380727132, 5.550535360972087, 8.316407521565756, 6.440944353739421, 10.719336668650309, 6.666339874267578, 2.015283187230428, 4.583460350831349, 5.972021102905273, 10.995180447896322, 5.387491067250569, 3.632172107696533, 4.772680203119914, 3.7354692618052163, 10.562739849090576, 7.638336022694905, 6.969115416208903, 4.081725537776947, 7.373836994171143, 6.69784688949585, 7.36793867746989, 5.264587799708049, 10.192684650421143, 5.787463029225667, 3.4521677494049072, 8.231176535288492, 6.130209287007649, 7.4214247067769366, 8.127363363901773, 6.512173732121785, 5.390998760859172, 3.878866672515869, 9.53456942240397, 3.515358845392863, 5.781272331873576, 5.893052577972412, 7.912899335225423, 2.2701170245806375, 4.160169919331868, 4.324387152989705, 5.625144402186076, 6.916360537211101, 10.404444376627604, 9.46847915649414, 6.542654275894165]]],