{"dataset": "mnist", "num_rounds": 5, "eval_every": -1, "clients_per_round": 10, "learning_rate": 0.00401877572016461, "mu": 0, "rho": 0.0, "num_epochs": 1, "batch_size": 1, "accuracies": [[["0", "1", "10", "11", "12", "13", "14", "15", "16", "17", "18", "19", "2", "20", "21", "22", "23", "24", "25", "26", "27", "28", "29", "3", "30", "31", "32", "33", "34", "35", "36", "37", "38", "39", "4", "40", "41", "42", "43", "44", "45", "46", "47", "48", "49", "5", "50", "51", "52", "53", "54", "55", "56", "57", "58", "59", "6", "60", "61", "62", "63", "64", "65", "66", "67", "68", "69", "7", "70", "71", "72", "73", "74", "75", "76", "77", "78", "79", "8", "80", "81", "82", "83", "84", "85", "86", "87", "88", "89", "9", "90", "91", "92", "93", "94", "95", "96", "97", "98", "99"], [null, null, null, null, null, null, null, null, null, null, null, null, null, null, null, null, null, null, null, null, null, null, null, null, null, null, null, null, null, null, null, null, null, null, null, null, null, null, null, null, null, null, null, null, null, null, null, null, null, null, null, null, null, null, null, null, null, null, null, null, null, null, null, null, null, null, null, null, null, null, null, null, null, null, null, null, null, null, null, null, null, null, null, null, null, null, null, null, null, null, null, null, null, null, null, null, null, null, null, null], [70, 70, 70, 70, 70, 70, 70, 70, 70, 70, 70, 70, 70, 70, 70, 70, 70, 70, 70, 70, 70, 70, 70, 70, 70, 70, 70, 70, 70, 70, 70, 70, 70, 70, 70, 70, 70, 70, 70, 70, 70, 70, 70, 70, 70, 70, 70, 70, 70, 70, 70, 70, 70, 70, 70, 70, 70, 70, 70, 70, 70, 70, 70, 70, 70, 70, 70, 70, 70, 70, 70, 70, 70, 70, 70, 70, 70, 70, 70, 70, 70, 70, 70, 70, 70, 70, 70, 70, 70, 70, 70, 70, 70, 70, 70, 70, 70, 70, 70, 70], [55, 54, 53, 56, 56, 47, 53, 55, 51, 51, 50, 49, 48, 54, 53, 48, 53, 51, 53, 53, 53, 48, 51, 51, 57, 50, 50, 53, 52, 49, 50, 55, 56, 45, 49, 50, 55, 54, 56, 50, 47, 53, 54, 52, 54, 49, 57, 49, 56, 56, 53, 46, 55, 46, 55, 56, 53, 52, 53, 49, 49, 60, 55, 54, 54, 50, 54, 55, 55, 56, 56, 48, 56, 56, 55, 52, 44, 56, 55, 53, 54, 55, 52, 51, 52, 52, 59, 49, 48, 60, 56, 55, 49, 50, 55, 60, 54, 57, 49, 51], [0.727728933095932, 0.5672858754793803, 1.5556816657384236, 0.8810232877731323, 0.6717914541562399, 1.4578237533569336, 1.1018415888150532, 1.1308154463768005, 0.7061381737391154, 0.8059422721465429, 0.9989753762880961, 1.1222100456555684, 0.8128466556469599, 0.49272654950618744, 0.9719776014486948, 1.7361335357030232, 0.9878935857365528, 1.0149123072624207, 0.7397380769252777, 1.3254447778065999, 0.6952061951160431, 1.6097883184750874, 1.6403840978940327, 1.3037852048873901, 0.8475662271181742, 1.2749523321787517, 1.1826976736386616, 1.0924007097880046, 0.9077655971050262, 1.0637076497077942, 2.033115108807882, 0.7368351245919863, 0.47571541368961334, 1.2853601972262065, 1.0508601268132527, 1.228319029013316, 0.5482959995667139, 1.136459489663442, 0.595399742325147, 1.080178956190745, 0.7184983889261881, 1.1970199743906658, 2.071885069211324, 1.1116650501887004, 0.4944859395424525, 0.8861916462580363, 0.8464754720528921, 0.9249026477336884, 1.0864856044451396, 0.8182132442792257, 0.9841028650601705, 2.345325152079264, 0.5898758545517921, 1.06591800848643, 1.189852734406789, 0.714842344323794, 0.8342603544394175, 0.8978400230407715, 1.0664401650428772, 1.0538827975591023, 1.177327533562978, 1.3442479074001312, 0.7571562454104424, 0.8129343787829081, 1.1730161507924397, 1.274269700050354, 1.0846857229868572, 0.9417620897293091, 0.8892488479614258, 1.931271771589915, 0.8204332590103149, 0.9752359837293625, 0.5288698027531306, 0.7359581291675568, 0.7903718327482542, 0.9840374886989594, 1.0253566404183705, 1.4071533580621083, 0.7875785032908121, 0.6473190685113271, 0.7957903544108073, 0.5584003155430158, 0.9158357083797455, 1.1857125560442607, 1.6857045888900757, 1.0021233161290486, 0.6275729338328043, 1.6751044591267903, 0.8505178292592367, 0.5325858195622762, 0.7481071650981903, 0.7402457197507223, 1.3033890128135681, 1.7944875359535217, 0.8563487529754639, 0.6769527594248453, 0.8839397629102071, 0.8651096832472831, 1.1035308241844177, 1.4971494674682617]]],