{"dataset": "mnist", "num_rounds": 5, "eval_every": -1, "clients_per_round": 10, "learning_rate": 0.012, "mu": 0, "rho": 0.0, "num_epochs": 1, "batch_size": 1, "accuracies": [[["0", "1", "10", "11", "12", "13", "14", "15", "16", "17", "18", "19", "2", "20", "21", "22", "23", "24", "25", "26", "27", "28", "29", "3", "30", "31", "32", "33", "34", "35", "36", "37", "38", "39", "4", "40", "41", "42", "43", "44", "45", "46", "47", "48", "49", "5", "50", "51", "52", "53", "54", "55", "56", "57", "58", "59", "6", "60", "61", "62", "63", "64", "65", "66", "67", "68", "69", "7", "70", "71", "72", "73", "74", "75", "76", "77", "78", "79", "8", "80", "81", "82", "83", "84", "85", "86", "87", "88", "89", "9", "90", "91", "92", "93", "94", "95", "96", "97", "98", "99"], [null, null, null, null, null, null, null, null, null, null, null, null, null, null, null, null, null, null, null, null, null, null, null, null, null, null, null, null, null, null, null, null, null, null, null, null, null, null, null, null, null, null, null, null, null, null, null, null, null, null, null, null, null, null, null, null, null, null, null, null, null, null, null, null, null, null, null, null, null, null, null, null, null, null, null, null, null, null, null, null, null, null, null, null, null, null, null, null, null, null, null, null, null, null, null, null, null, null, null, null], [70, 70, 70, 70, 70, 70, 70, 70, 70, 70, 70, 70, 70, 70, 70, 70, 70, 70, 70, 70, 70, 70, 70, 70, 70, 70, 70, 70, 70, 70, 70, 70, 70, 70, 70, 70, 70, 70, 70, 70, 70, 70, 70, 70, 70, 70, 70, 70, 70, 70, 70, 70, 70, 70, 70, 70, 70, 70, 70, 70, 70, 70, 70, 70, 70, 70, 70, 70, 70, 70, 70, 70, 70, 70, 70, 70, 70, 70, 70, 70, 70, 70, 70, 70, 70, 70, 70, 70, 70, 70, 70, 70, 70, 70, 70, 70, 70, 70, 70, 70], [52, 48, 48, 50, 42, 52, 41, 52, 45, 45, 55, 51, 51, 53, 41, 46, 46, 49, 49, 49, 45, 43, 43, 49, 47, 51, 53, 52, 49, 47, 50, 50, 46, 47, 45, 51, 43, 51, 55, 49, 47, 49, 41, 42, 50, 51, 56, 52, 53, 42, 50, 54, 48, 48, 43, 40, 52, 41, 48, 46, 51, 57, 48, 45, 42, 51, 57, 54, 51, 41, 48, 54, 49, 48, 49, 50, 54, 45, 47, 54, 50, 46, 49, 45, 49, 50, 53, 40, 51, 54, 51, 48, 55, 48, 48, 44, 48, 42, 41, 52], [1.737632433573405, 2.6540164947509766, 3.2465455532073975, 4.506999095280965, 2.288165549437205, 3.093489090601603, 4.086563348770142, 1.862129847208659, 4.521279573440552, 2.602408488591512, 1.93034823735555, 2.999495506286621, 3.5039703448613486, 2.4092846711476645, 4.983998775482178, 4.792400519053142, 3.984028418858846, 3.3589644798388085, 2.920188069343567, 2.387035842984915, 3.7237908045450845, 3.778778870900472, 5.201196988423665, 5.0539242426554365, 3.0045034090677896, 2.9225392738978067, 1.5991973678270976, 2.247262636820475, 2.743490695953369, 2.956008712450663, 2.6005451679229736, 2.2238091627756753, 4.696735699971517, 3.6899279753367105, 3.1509862740834556, 3.887352387110392, 3.5068859259287515, 2.6728175481160483, 2.015200694402059, 3.9389970302581787, 3.4134840965270996, 3.178458650906881, 4.268408318360646, 7.297271490097046, 3.2746039231618247, 1.9982285996278126, 1.847889502843221, 2.849062204360962, 2.343183954556783, 3.883520523707072, 2.2058125336964927, 4.494602203369141, 5.585214773813884, 6.547017018000285, 4.048728505770366, 4.27522889773051, 3.0372504393259683, 4.590997139612834, 3.518505891164144, 5.586217164993286, 3.733328898747762, 0.9625594814618429, 2.478752096494039, 3.195945759614309, 6.292125384012858, 2.778334061304728, 1.966443419346433, 2.222808221975962, 1.9377944469451904, 5.700429439544678, 4.306698322296143, 3.722562074661255, 2.1650619208812714, 4.030457576115926, 3.762190024058024, 3.5529611110687256, 2.7912787993748984, 5.474639813105266, 3.0962822437286377, 1.7943968375523884, 4.386712630589803, 3.229329466819763, 4.03149167696635, 4.314067840576172, 3.5162582794825235, 2.985454241434733, 2.1403698523839316, 5.128835201263428, 1.7810174226760864, 2.8322474559148154, 3.277192989985148, 4.13848861058553, 1.0442121525605519, 2.2326226630017723, 2.420923193295797, 3.1264237761497498, 3.552973429361979, 5.594001928965251, 5.053375482559204, 3.8176139195760093]]],