{"dataset": "mnist", "num_rounds": 5, "eval_every": -1, "clients_per_round": 10, "learning_rate": 0.0009645061728395063, "mu": 0, "rho": 0.0, "num_epochs": 1, "batch_size": 1, "accuracies": [[["0", "1", "10", "11", "12", "13", "14", "15", "16", "17", "18", "19", "2", "20", "21", "22", "23", "24", "25", "26", "27", "28", "29", "3", "30", "31", "32", "33", "34", "35", "36", "37", "38", "39", "4", "40", "41", "42", "43", "44", "45", "46", "47", "48", "49", "5", "50", "51", "52", "53", "54", "55", "56", "57", "58", "59", "6", "60", "61", "62", "63", "64", "65", "66", "67", "68", "69", "7", "70", "71", "72", "73", "74", "75", "76", "77", "78", "79", "8", "80", "81", "82", "83", "84", "85", "86", "87", "88", "89", "9", "90", "91", "92", "93", "94", "95", "96", "97", "98", "99"], [null, null, null, null, null, null, null, null, null, null, null, null, null, null, null, null, null, null, null, null, null, null, null, null, null, null, null, null, null, null, null, null, null, null, null, null, null, null, null, null, null, null, null, null, null, null, null, null, null, null, null, null, null, null, null, null, null, null, null, null, null, null, null, null, null, null, null, null, null, null, null, null, null, null, null, null, null, null, null, null, null, null, null, null, null, null, null, null, null, null, null, null, null, null, null, null, null, null, null, null], [70, 70, 70, 70, 70, 70, 70, 70, 70, 70, 70, 70, 70, 70, 70, 70, 70, 70, 70, 70, 70, 70, 70, 70, 70, 70, 70, 70, 70, 70, 70, 70, 70, 70, 70, 70, 70, 70, 70, 70, 70, 70, 70, 70, 70, 70, 70, 70, 70, 70, 70, 70, 70, 70, 70, 70, 70, 70, 70, 70, 70, 70, 70, 70, 70, 70, 70, 70, 70, 70, 70, 70, 70, 70, 70, 70, 70, 70, 70, 70, 70, 70, 70, 70, 70, 70, 70, 70, 70, 70, 70, 70, 70, 70, 70, 70, 70, 70, 70, 70], [59, 64, 57, 63, 58, 57, 56, 60, 63, 58, 59, 59, 61, 65, 54, 53, 58, 57, 61, 59, 63, 57, 55, 61, 59, 58, 58, 59, 57, 58, 56, 60, 58, 51, 56, 59, 55, 59, 64, 59, 59, 59, 53, 57, 62, 58, 60, 58, 61, 58, 60, 57, 57, 60, 53, 61, 60, 57, 61, 59, 63, 64, 54, 59, 57, 59, 62, 60, 58, 54, 56, 60, 61, 57, 57, 59, 59, 58, 59, 65, 61, 59, 58, 57, 55, 57, 63, 51, 58, 66, 56, 58, 59, 59, 59, 58, 57, 53, 53, 59], [0.6518663763999939, 0.5007357398668925, 0.7390648126602173, 0.6270089745521545, 0.655393123626709, 0.9014368851979574, 0.7696769038836161, 0.4929226040840149, 0.6395034790039062, 0.5443915476401647, 0.4461394598086675, 0.719681958357493, 0.5395224988460541, 0.4812854031721751, 0.9508073329925537, 0.9295470118522644, 0.6925006806850433, 0.7717617551485697, 0.439801146586736, 0.6540358066558838, 0.5055067837238312, 0.7520790894826254, 0.8521730303764343, 0.6965858936309814, 0.7176533738772074, 0.7437317768732706, 0.6128686269124349, 0.48434839646021527, 0.5977507630983988, 0.5696091651916504, 0.7675588726997375, 0.5062139332294464, 0.5718201498190562, 0.7895409067471822, 0.6709112922350565, 0.6173941791057587, 0.7599189281463623, 0.6460508505503336, 0.5658473471800486, 0.6763581335544586, 0.6234671672185262, 0.6215870181719462, 0.8824541966120402, 0.8688559929529825, 0.49080867568651837, 0.5706913769245148, 0.580873707930247, 0.5718380908171335, 0.4848719338575999, 0.7403139670689901, 0.7801887392997742, 0.8659574389457703, 0.6182528932889303, 0.6295822461446127, 0.8183039228121439, 0.6341931621233622, 0.6378284692764282, 0.6138577361901602, 0.7241206963857015, 0.6986728310585022, 0.6498182912667593, 0.6107026735941569, 0.6162687937418619, 0.680631160736084, 0.6979379057884216, 0.7981263399124146, 0.5001586774984995, 0.6488974889119467, 0.522655059893926, 1.0535289645195007, 0.6916469931602478, 0.608002781867981, 0.5392332871754965, 0.751310408115387, 0.6552368899186453, 0.6697316964467367, 0.5226717541615168, 0.6694854497909546, 0.6266636252403259, 0.5551333427429199, 0.6025715271631876, 0.5987139145533243, 0.5959589083989462, 0.7424534956614176, 0.8237897555033366, 0.7556014358997345, 0.5813151697317759, 0.8815738558769226, 0.6136107544104258, 0.42273373405138653, 0.7777288953463236, 0.781662384668986, 0.6406286855538686, 0.7927947839101156, 0.6949666738510132, 0.7027069330215454, 0.6390991608301798, 0.6988180677096049, 0.8332226077715555, 0.877168873945872]]],