{"dataset": "mnist", "num_rounds": 5, "eval_every": -1, "clients_per_round": 10, "learning_rate": 0.01, "mu": 0, "rho": 0.0, "num_epochs": 1, "batch_size": 1, "accuracies": [[["0", "1", "10", "11", "12", "13", "14", "15", "16", "17", "18", "19", "2", "20", "21", "22", "23", "24", "25", "26", "27", "28", "29", "3", "30", "31", "32", "33", "34", "35", "36", "37", "38", "39", "4", "40", "41", "42", "43", "44", "45", "46", "47", "48", "49", "5", "50", "51", "52", "53", "54", "55", "56", "57", "58", "59", "6", "60", "61", "62", "63", "64", "65", "66", "67", "68", "69", "7", "70", "71", "72", "73", "74", "75", "76", "77", "78", "79", "8", "80", "81", "82", "83", "84", "85", "86", "87", "88", "89", "9", "90", "91", "92", "93", "94", "95", "96", "97", "98", "99"], [null, null, null, null, null, null, null, null, null, null, null, null, null, null, null, null, null, null, null, null, null, null, null, null, null, null, null, null, null, null, null, null, null, null, null, null, null, null, null, null, null, null, null, null, null, null, null, null, null, null, null, null, null, null, null, null, null, null, null, null, null, null, null, null, null, null, null, null, null, null, null, null, null, null, null, null, null, null, null, null, null, null, null, null, null, null, null, null, null, null, null, null, null, null, null, null, null, null, null, null], [70, 70, 70, 70, 70, 70, 70, 70, 70, 70, 70, 70, 70, 70, 70, 70, 70, 70, 70, 70, 70, 70, 70, 70, 70, 70, 70, 70, 70, 70, 70, 70, 70, 70, 70, 70, 70, 70, 70, 70, 70, 70, 70, 70, 70, 70, 70, 70, 70, 70, 70, 70, 70, 70, 70, 70, 70, 70, 70, 70, 70, 70, 70, 70, 70, 70, 70, 70, 70, 70, 70, 70, 70, 70, 70, 70, 70, 70, 70, 70, 70, 70, 70, 70, 70, 70, 70, 70, 70, 70, 70, 70, 70, 70, 70, 70, 70, 70, 70, 70], [49, 50, 50, 53, 54, 45, 47, 53, 49, 48, 50, 47, 46, 51, 51, 46, 51, 47, 51, 47, 51, 48, 46, 48, 56, 47, 49, 50, 45, 47, 47, 55, 53, 45, 48, 43, 52, 50, 50, 47, 46, 50, 53, 51, 53, 49, 53, 48, 53, 56, 52, 44, 52, 44, 49, 54, 51, 51, 53, 47, 46, 58, 50, 52, 51, 42, 48, 56, 51, 55, 52, 45, 54, 55, 48, 50, 42, 55, 51, 50, 50, 54, 51, 44, 51, 49, 57, 44, 48, 54, 54, 55, 46, 47, 52, 59, 50, 51, 49, 47], [1.9614961544672649, 1.8051457007726033, 4.759099364280701, 2.4304104248682656, 1.611810510357221, 3.84030818939209, 3.0773415565490723, 3.882315178712209, 2.244807322820028, 2.2117349604765573, 3.594552516937256, 3.605193297068278, 2.363926410675049, 1.5914641879498959, 2.1347582936286926, 4.686431964238484, 2.6607532892376184, 3.0278298457463584, 2.1479167540868125, 4.04440959294637, 2.0172709623972573, 4.201552232106526, 4.263396263122559, 3.67803422609965, 2.276533563931783, 3.5034782886505127, 3.280631937086582, 3.2346165974934897, 2.945333997408549, 3.1663376490275064, 6.026621421178182, 2.1973703199376664, 1.2247476478417714, 3.453962206840515, 3.3635970751444497, 3.8563775618871055, 1.1825202914575736, 2.8104209899902344, 1.4743592118223507, 2.9776622454325357, 2.024191737174988, 3.400888204574585, 5.352397044499715, 2.8489041328430176, 1.4597023725509644, 2.4134545723597207, 2.4202680587768555, 2.319247451921304, 3.129875103632609, 1.9742671648661296, 2.8658830324808755, 6.424833059310913, 1.4981438964605331, 3.071791887283325, 3.170199910799662, 2.0952100455760956, 2.3789899746576944, 2.451199730237325, 2.744168519973755, 2.9410893519719443, 3.956629514694214, 3.758187691370646, 1.8220955866078536, 2.2073343992233276, 3.3508203824361167, 3.579735438028971, 3.0559804439544678, 2.4794330994288125, 2.4676586389541626, 4.987785259882609, 2.2335346937179565, 2.7871113469203315, 1.272720068693161, 2.0255611737569175, 1.9272935433934133, 2.7091591358184814, 3.000672936439514, 4.296051303545634, 2.166019916534424, 1.9481841325759888, 2.1908965905507407, 1.367239738504092, 2.319579472144445, 3.437429428100586, 4.277892192204793, 2.8064378102620444, 1.745829701423645, 4.760988235473633, 2.3153462981184325, 1.6246621012687683, 1.8450825611750286, 1.702771524588267, 4.087123870849609, 4.824849843978882, 2.4026679197947183, 1.587207595507304, 1.902333026130994, 2.172564804552129, 2.735116188724836, 3.8002710342407227]]],