{"dataset": "mnist", "num_rounds": 5, "eval_every": -1, "clients_per_round": 10, "learning_rate": 0.005787037037037038, "mu": 0, "rho": 0.0, "num_epochs": 1, "batch_size": 1, "accuracies": [[["0", "1", "10", "11", "12", "13", "14", "15", "16", "17", "18", "19", "2", "20", "21", "22", "23", "24", "25", "26", "27", "28", "29", "3", "30", "31", "32", "33", "34", "35", "36", "37", "38", "39", "4", "40", "41", "42", "43", "44", "45", "46", "47", "48", "49", "5", "50", "51", "52", "53", "54", "55", "56", "57", "58", "59", "6", "60", "61", "62", "63", "64", "65", "66", "67", "68", "69", "7", "70", "71", "72", "73", "74", "75", "76", "77", "78", "79", "8", "80", "81", "82", "83", "84", "85", "86", "87", "88", "89", "9", "90", "91", "92", "93", "94", "95", "96", "97", "98", "99"], [null, null, null, null, null, null, null, null, null, null, null, null, null, null, null, null, null, null, null, null, null, null, null, null, null, null, null, null, null, null, null, null, null, null, null, null, null, null, null, null, null, null, null, null, null, null, null, null, null, null, null, null, null, null, null, null, null, null, null, null, null, null, null, null, null, null, null, null, null, null, null, null, null, null, null, null, null, null, null, null, null, null, null, null, null, null, null, null, null, null, null, null, null, null, null, null, null, null, null, null], [70, 70, 70, 70, 70, 70, 70, 70, 70, 70, 70, 70, 70, 70, 70, 70, 70, 70, 70, 70, 70, 70, 70, 70, 70, 70, 70, 70, 70, 70, 70, 70, 70, 70, 70, 70, 70, 70, 70, 70, 70, 70, 70, 70, 70, 70, 70, 70, 70, 70, 70, 70, 70, 70, 70, 70, 70, 70, 70, 70, 70, 70, 70, 70, 70, 70, 70, 70, 70, 70, 70, 70, 70, 70, 70, 70, 70, 70, 70, 70, 70, 70, 70, 70, 70, 70, 70, 70, 70, 70, 70, 70, 70, 70, 70, 70, 70, 70, 70, 70], [56, 55, 51, 55, 50, 53, 45, 57, 44, 48, 57, 52, 53, 57, 47, 46, 48, 51, 50, 51, 49, 49, 48, 51, 51, 51, 51, 54, 50, 52, 56, 50, 48, 49, 45, 58, 47, 54, 53, 55, 48, 51, 45, 47, 54, 52, 58, 55, 56, 48, 54, 55, 53, 51, 47, 44, 57, 48, 52, 51, 51, 59, 55, 49, 45, 54, 58, 56, 54, 45, 50, 56, 53, 49, 46, 56, 57, 48, 52, 59, 51, 51, 54, 47, 51, 53, 51, 44, 52, 59, 51, 54, 59, 53, 49, 44, 47, 43, 41, 53], [0.7053260778387388, 1.146068513393402, 1.3910595575968425, 1.8728196620941162, 1.0353297193845112, 1.4838139414787292, 1.487195094426473, 0.6719914873441061, 1.82949960231781, 1.2032089332739513, 0.913183848063151, 1.2784158786137898, 1.543289323647817, 1.0781345168749492, 2.084353486696879, 2.3223067124684653, 1.7281224727630615, 1.5451432839035988, 1.1555984616279602, 1.2306520839532216, 1.561466654141744, 1.4198604226112366, 1.9887274305025737, 2.3633418679237366, 1.3029513160387676, 0.9853711326917013, 0.652924840648969, 0.845038096110026, 1.1604284246762593, 0.9620950619379679, 0.8730570748448372, 1.235809286435445, 1.7711515029271443, 1.7226203083992004, 1.3113983869552612, 1.6063817143440247, 1.4281001885732014, 0.9443814953168234, 0.8620220422744751, 1.5166254043579102, 1.5102790594100952, 1.006061355272929, 1.7105210858086746, 3.2084850072860718, 1.3416147232055664, 0.957928662498792, 0.7458269695440928, 1.1639463702837627, 0.9217023253440857, 1.6690918604532878, 0.8824076553185781, 1.9495012760162354, 2.6748134990533194, 2.78462024529775, 1.815616210301717, 1.72539484500885, 1.3839071989059448, 2.0730307499567666, 1.6277276873588562, 2.0019684036572776, 1.779339591662089, 0.47588078305125237, 1.1342789481083553, 1.485227902730306, 2.9861391385396323, 1.0322931011517842, 0.8284158541355282, 0.8147072792053223, 1.0373589793841045, 2.580889900525411, 1.9775984684626262, 1.4906722903251648, 1.0143935978412628, 1.75778728723526, 1.8064721425374348, 1.1910932064056396, 1.153336505095164, 2.249699513117472, 1.3634516795476277, 0.7930582960446676, 1.7865455150604248, 1.3052461743354797, 1.7766968806584675, 1.8995866378148396, 1.5431450406710308, 1.5025170246760051, 1.0275635917981465, 2.1861519018809, 0.69550954302152, 0.9869237542152405, 1.654598553975423, 1.6336886088053386, 0.39756363288809854, 1.0117615632091959, 1.3298830191294353, 1.4828080932299297, 1.2854779958724976, 2.3713760375976562, 2.211874485015869, 2.0234622756640115]]],