{"dataset": "mnist", "num_rounds": 5, "eval_every": -1, "clients_per_round": 10, "learning_rate": 0.008333333333333333, "mu": 0, "rho": 0.0, "num_epochs": 1, "batch_size": 1, "accuracies": [[["0", "1", "10", "11", "12", "13", "14", "15", "16", "17", "18", "19", "2", "20", "21", "22", "23", "24", "25", "26", "27", "28", "29", "3", "30", "31", "32", "33", "34", "35", "36", "37", "38", "39", "4", "40", "41", "42", "43", "44", "45", "46", "47", "48", "49", "5", "50", "51", "52", "53", "54", "55", "56", "57", "58", "59", "6", "60", "61", "62", "63", "64", "65", "66", "67", "68", "69", "7", "70", "71", "72", "73", "74", "75", "76", "77", "78", "79", "8", "80", "81", "82", "83", "84", "85", "86", "87", "88", "89", "9", "90", "91", "92", "93", "94", "95", "96", "97", "98", "99"], [null, null, null, null, null, null, null, null, null, null, null, null, null, null, null, null, null, null, null, null, null, null, null, null, null, null, null, null, null, null, null, null, null, null, null, null, null, null, null, null, null, null, null, null, null, null, null, null, null, null, null, null, null, null, null, null, null, null, null, null, null, null, null, null, null, null, null, null, null, null, null, null, null, null, null, null, null, null, null, null, null, null, null, null, null, null, null, null, null, null, null, null, null, null, null, null, null, null, null, null], [70, 70, 70, 70, 70, 70, 70, 70, 70, 70, 70, 70, 70, 70, 70, 70, 70, 70, 70, 70, 70, 70, 70, 70, 70, 70, 70, 70, 70, 70, 70, 70, 70, 70, 70, 70, 70, 70, 70, 70, 70, 70, 70, 70, 70, 70, 70, 70, 70, 70, 70, 70, 70, 70, 70, 70, 70, 70, 70, 70, 70, 70, 70, 70, 70, 70, 70, 70, 70, 70, 70, 70, 70, 70, 70, 70, 70, 70, 70, 70, 70, 70, 70, 70, 70, 70, 70, 70, 70, 70, 70, 70, 70, 70, 70, 70, 70, 70, 70, 70], [52, 50, 50, 53, 54, 45, 47, 53, 50, 48, 50, 48, 46, 51, 51, 46, 52, 47, 51, 48, 51, 48, 47, 48, 56, 47, 48, 50, 46, 47, 47, 55, 53, 45, 48, 43, 53, 49, 50, 47, 45, 50, 53, 51, 53, 50, 54, 49, 53, 57, 53, 46, 52, 46, 51, 54, 50, 51, 53, 47, 46, 58, 52, 52, 51, 42, 47, 56, 51, 55, 52, 45, 54, 55, 49, 51, 42, 56, 51, 50, 50, 54, 51, 45, 51, 49, 57, 44, 48, 54, 53, 55, 46, 47, 53, 59, 51, 52, 49, 47], [1.5986625055472057, 1.4569156169891357, 3.887832442919413, 1.9975603024164836, 1.33320718506972, 3.1693851153055825, 2.53000807762146, 3.130410591761271, 1.830319841702779, 1.8097029825051625, 2.8929661909739175, 2.91944154103597, 1.9114270607630413, 1.2799263298511505, 1.794878602027893, 3.861109495162964, 2.1956766452640295, 2.465945601463318, 1.752798060576121, 3.290530721346537, 1.641947090625763, 3.4895217418670654, 3.543116013209025, 3.012719472249349, 1.8741915225982666, 2.8857508500417075, 2.704530028005441, 2.655402421951294, 2.369815707206726, 2.597873051961263, 4.943135023117065, 1.7949850376074512, 0.9869683782259623, 2.8493502934773765, 2.7359095017115274, 3.1378095944722495, 0.993231271704038, 2.358139236768087, 1.209466315805912, 2.4483190377553306, 1.6570670753717422, 2.783360560735067, 4.427774429321289, 2.356409033139547, 1.1918514966964722, 1.9785960117975872, 1.9519908626874287, 1.9224978586037953, 2.5690778891245523, 1.6457773844401042, 2.335817337036133, 5.30921991666158, 1.2463697716593742, 2.5232911904652915, 2.596401333808899, 1.6814450522263844, 1.93952476978302, 2.011817773183187, 2.266470273335775, 2.423546075820923, 3.1938743591308594, 3.0886537631352744, 1.5150080223878224, 1.814605216185252, 2.7270699739456177, 2.9344927867253623, 2.4960372845331826, 2.0374937454859414, 2.02761964003245, 4.131709635257721, 1.8385173082351685, 2.27589783569177, 1.0539316733678181, 1.6638402144114177, 1.581752882649501, 2.230223059654236, 2.435024360815684, 3.509106616179148, 1.7588321367899578, 1.5777413447697957, 1.7978790601094563, 1.1368642244488, 1.9232908139626186, 2.8194327354431152, 3.564887285232544, 2.2990496158599854, 1.4087481101353962, 3.9094998836517334, 1.9047401522596676, 1.3211064140001934, 1.5275238702694576, 1.4190179109573364, 3.3129518826802573, 3.9848543405532837, 1.9776382843653362, 1.3218437830607097, 1.5914318015178044, 1.8014761738174154, 2.2736067747076354, 3.134215752283732]]],