{"dataset": "mnist", "num_rounds": 5, "eval_every": -1, "clients_per_round": 10, "learning_rate": 0.0011574074074074076, "mu": 0, "rho": 0.0, "num_epochs": 1, "batch_size": 1, "accuracies": [[["0", "1", "10", "11", "12", "13", "14", "15", "16", "17", "18", "19", "2", "20", "21", "22", "23", "24", "25", "26", "27", "28", "29", "3", "30", "31", "32", "33", "34", "35", "36", "37", "38", "39", "4", "40", "41", "42", "43", "44", "45", "46", "47", "48", "49", "5", "50", "51", "52", "53", "54", "55", "56", "57", "58", "59", "6", "60", "61", "62", "63", "64", "65", "66", "67", "68", "69", "7", "70", "71", "72", "73", "74", "75", "76", "77", "78", "79", "8", "80", "81", "82", "83", "84", "85", "86", "87", "88", "89", "9", "90", "91", "92", "93", "94", "95", "96", "97", "98", "99"], [null, null, null, null, null, null, null, null, null, null, null, null, null, null, null, null, null, null, null, null, null, null, null, null, null, null, null, null, null, null, null, null, null, null, null, null, null, null, null, null, null, null, null, null, null, null, null, null, null, null, null, null, null, null, null, null, null, null, null, null, null, null, null, null, null, null, null, null, null, null, null, null, null, null, null, null, null, null, null, null, null, null, null, null, null, null, null, null, null, null, null, null, null, null, null, null, null, null, null, null], [70, 70, 70, 70, 70, 70, 70, 70, 70, 70, 70, 70, 70, 70, 70, 70, 70, 70, 70, 70, 70, 70, 70, 70, 70, 70, 70, 70, 70, 70, 70, 70, 70, 70, 70, 70, 70, 70, 70, 70, 70, 70, 70, 70, 70, 70, 70, 70, 70, 70, 70, 70, 70, 70, 70, 70, 70, 70, 70, 70, 70, 70, 70, 70, 70, 70, 70, 70, 70, 70, 70, 70, 70, 70, 70, 70, 70, 70, 70, 70, 70, 70, 70, 70, 70, 70, 70, 70, 70, 70, 70, 70, 70, 70, 70, 70, 70, 70, 70, 70], [59, 63, 57, 66, 60, 55, 56, 61, 62, 58, 56, 61, 59, 62, 55, 55, 59, 60, 61, 58, 60, 56, 59, 62, 59, 59, 57, 61, 61, 61, 58, 62, 57, 52, 59, 58, 56, 60, 63, 61, 60, 62, 54, 55, 63, 57, 63, 58, 59, 57, 56, 58, 60, 61, 49, 63, 59, 59, 60, 60, 61, 61, 55, 57, 58, 60, 60, 62, 60, 56, 55, 58, 64, 58, 55, 60, 60, 61, 60, 64, 60, 59, 60, 60, 56, 58, 61, 50, 58, 66, 61, 60, 60, 59, 59, 59, 56, 57, 53, 62], [0.45483161012331647, 0.47265222668647766, 0.5643232663472494, 0.5510184069474539, 0.5211045245329539, 0.6029732922712961, 0.7278700272242228, 0.37065985302130383, 0.5832200745741526, 0.5434902012348175, 0.4817935029665629, 0.6378423174222311, 0.6430390278498331, 0.49332640568415326, 0.8025056521097819, 0.6241669058799744, 0.6516920427481333, 0.6147355238596598, 0.6102960308392843, 0.5422025521596273, 0.5207728544871012, 0.7304542859395345, 0.6782700220743815, 0.6566524902979533, 0.5926816662152609, 0.526568998893102, 0.5293624401092529, 0.5035214920838674, 0.5412435730298361, 0.5910294950008392, 0.5306138495604197, 0.38615406056245166, 0.5707510511080424, 0.8885739843050638, 0.5864484906196594, 0.6240005294481913, 0.6964980959892273, 0.5880106786886851, 0.5221671859423319, 0.6531550288200378, 0.5449218650658926, 0.5373637676239014, 0.6132707496484121, 0.8431304097175598, 0.49287323156992596, 0.5865829388300577, 0.3986155440409978, 0.4359859824180603, 0.5317895710468292, 0.6710776885350546, 0.537623256444931, 0.7066083351771036, 0.7875992159048716, 0.7184486190478007, 0.872566839059194, 0.4825011690457662, 0.6302395065625509, 0.552856981754303, 0.6745304067929586, 0.7467034061749777, 0.6439538399378458, 0.3839144210020701, 0.5599262615044912, 0.7699097196261088, 0.8035133878389994, 0.6796343922615051, 0.4135615676641464, 0.46984978516896564, 0.563830296198527, 0.9151832660039266, 0.6376798748970032, 0.5916521350542704, 0.43738297124703723, 0.5617101987202963, 0.650129626194636, 0.4839150309562683, 0.5765822430451711, 0.8201136390368143, 0.5461159944534302, 0.581309586763382, 0.7449156741301218, 0.49297423164049786, 0.607357124487559, 0.6672070821126302, 0.6944553852081299, 0.6774722536404928, 0.4465099374453227, 0.6991981565952301, 0.5281014243761698, 0.387269268433253, 0.7681636114915212, 0.6434820691744486, 0.5179604093233744, 0.46806248525778454, 0.5262742539246877, 0.5885838766892751, 0.6011248032251993, 0.6924625635147095, 1.1169859568277996, 0.5702735881010691]]],