{"dataset": "mnist", "num_rounds": 5, "eval_every": -1, "clients_per_round": 10, "learning_rate": 0.0028799999999999997, "mu": 0, "rho": 0.0, "num_epochs": 1, "batch_size": 1, "accuracies": [[["0", "1", "10", "11", "12", "13", "14", "15", "16", "17", "18", "19", "2", "20", "21", "22", "23", "24", "25", "26", "27", "28", "29", "3", "30", "31", "32", "33", "34", "35", "36", "37", "38", "39", "4", "40", "41", "42", "43", "44", "45", "46", "47", "48", "49", "5", "50", "51", "52", "53", "54", "55", "56", "57", "58", "59", "6", "60", "61", "62", "63", "64", "65", "66", "67", "68", "69", "7", "70", "71", "72", "73", "74", "75", "76", "77", "78", "79", "8", "80", "81", "82", "83", "84", "85", "86", "87", "88", "89", "9", "90", "91", "92", "93", "94", "95", "96", "97", "98", "99"], [null, null, null, null, null, null, null, null, null, null, null, null, null, null, null, null, null, null, null, null, null, null, null, null, null, null, null, null, null, null, null, null, null, null, null, null, null, null, null, null, null, null, null, null, null, null, null, null, null, null, null, null, null, null, null, null, null, null, null, null, null, null, null, null, null, null, null, null, null, null, null, null, null, null, null, null, null, null, null, null, null, null, null, null, null, null, null, null, null, null, null, null, null, null, null, null, null, null, null, null], [70, 70, 70, 70, 70, 70, 70, 70, 70, 70, 70, 70, 70, 70, 70, 70, 70, 70, 70, 70, 70, 70, 70, 70, 70, 70, 70, 70, 70, 70, 70, 70, 70, 70, 70, 70, 70, 70, 70, 70, 70, 70, 70, 70, 70, 70, 70, 70, 70, 70, 70, 70, 70, 70, 70, 70, 70, 70, 70, 70, 70, 70, 70, 70, 70, 70, 70, 70, 70, 70, 70, 70, 70, 70, 70, 70, 70, 70, 70, 70, 70, 70, 70, 70, 70, 70, 70, 70, 70, 70, 70, 70, 70, 70, 70, 70, 70, 70, 70, 70], [58, 58, 51, 57, 50, 54, 50, 62, 52, 51, 55, 53, 53, 61, 54, 47, 53, 55, 55, 51, 57, 52, 54, 57, 56, 53, 59, 55, 55, 58, 54, 58, 51, 53, 51, 58, 51, 59, 56, 60, 53, 57, 52, 50, 53, 55, 62, 56, 57, 52, 57, 57, 56, 54, 47, 50, 60, 50, 54, 59, 56, 59, 55, 51, 46, 56, 59, 61, 53, 50, 50, 55, 53, 53, 51, 60, 57, 52, 53, 58, 54, 58, 57, 51, 54, 53, 53, 48, 58, 62, 52, 56, 61, 53, 51, 50, 53, 47, 44, 54], [0.40150783210992813, 0.47877277930577594, 0.6810701588789622, 0.8918982545534769, 0.6396095454692841, 0.7888772885004679, 0.7682025829950968, 0.3332015524307887, 0.7665330469608307, 0.6330379992723465, 0.514320562283198, 0.6849628686904907, 0.8069849908351898, 0.5525562167167664, 1.0427046418190002, 1.0400888919830322, 0.9258742928504944, 0.7714444100856781, 0.7011181910832723, 0.7157286902268728, 0.7250436842441559, 0.8045667211214701, 0.8587235907713572, 1.1217192510763805, 0.6139158109823862, 0.5347951302925745, 0.45386119683583576, 0.4830443064371745, 0.5703843832015991, 0.5179483592510223, 0.440498153368632, 0.6326261560122172, 0.7465024789174398, 1.0164273977279663, 0.6437908609708151, 0.8347625037034353, 0.7515699863433838, 0.570842574040095, 0.48004084825515747, 0.7556402186552683, 0.7381353576978048, 0.4351099232832591, 0.8090305402874947, 1.4556776682535808, 0.657081147034963, 0.5688684384028116, 0.34222674866517383, 0.5475729405879974, 0.5280441592137018, 0.9870620369911194, 0.5055312017599741, 0.9275304079055786, 1.269832859436671, 1.1870610515276592, 1.04493910074234, 0.7316636840502421, 0.7374635537465414, 0.905782550573349, 0.9040811657905579, 0.866628517707189, 0.9447461565335592, 0.3489328796664874, 0.6001268625259399, 0.8600715597470602, 1.3772028088569641, 0.5567316214243571, 0.4126538683970769, 0.37532539168993634, 0.6285414199034373, 1.2888039350509644, 0.8809917767842611, 0.6432556708653768, 0.5380902787049612, 0.7886814922094345, 0.9676575064659119, 0.5053537885348002, 0.54413374265035, 1.0730500320593517, 0.7922415335973104, 0.5082138876120249, 0.9214630524317423, 0.569214661916097, 0.9052210648854574, 1.0068115989367168, 0.8746748169263204, 0.8177618583043417, 0.5747825702031454, 0.9231903751691183, 0.4770080993572871, 0.4367186923821767, 1.0216532746950786, 0.7941973209381104, 0.30750806132952374, 0.5360104454060396, 0.7997432947158813, 0.7733252346515656, 0.5762142191330591, 1.0474851926167805, 1.4408925374348958, 1.038645366827647]]],