{"dataset": "mnist", "num_rounds": 5, "eval_every": -1, "clients_per_round": 10, "learning_rate": 0.000803755144032922, "mu": 0, "rho": 0.0, "num_epochs": 1, "batch_size": 1, "accuracies": [[["0", "1", "10", "11", "12", "13", "14", "15", "16", "17", "18", "19", "2", "20", "21", "22", "23", "24", "25", "26", "27", "28", "29", "3", "30", "31", "32", "33", "34", "35", "36", "37", "38", "39", "4", "40", "41", "42", "43", "44", "45", "46", "47", "48", "49", "5", "50", "51", "52", "53", "54", "55", "56", "57", "58", "59", "6", "60", "61", "62", "63", "64", "65", "66", "67", "68", "69", "7", "70", "71", "72", "73", "74", "75", "76", "77", "78", "79", "8", "80", "81", "82", "83", "84", "85", "86", "87", "88", "89", "9", "90", "91", "92", "93", "94", "95", "96", "97", "98", "99"], [null, null, null, null, null, null, null, null, null, null, null, null, null, null, null, null, null, null, null, null, null, null, null, null, null, null, null, null, null, null, null, null, null, null, null, null, null, null, null, null, null, null, null, null, null, null, null, null, null, null, null, null, null, null, null, null, null, null, null, null, null, null, null, null, null, null, null, null, null, null, null, null, null, null, null, null, null, null, null, null, null, null, null, null, null, null, null, null, null, null, null, null, null, null, null, null, null, null, null, null], [70, 70, 70, 70, 70, 70, 70, 70, 70, 70, 70, 70, 70, 70, 70, 70, 70, 70, 70, 70, 70, 70, 70, 70, 70, 70, 70, 70, 70, 70, 70, 70, 70, 70, 70, 70, 70, 70, 70, 70, 70, 70, 70, 70, 70, 70, 70, 70, 70, 70, 70, 70, 70, 70, 70, 70, 70, 70, 70, 70, 70, 70, 70, 70, 70, 70, 70, 70, 70, 70, 70, 70, 70, 70, 70, 70, 70, 70, 70, 70, 70, 70, 70, 70, 70, 70, 70, 70, 70, 70, 70, 70, 70, 70, 70, 70, 70, 70, 70, 70], [57, 61, 57, 63, 60, 55, 55, 61, 61, 57, 56, 60, 57, 60, 53, 54, 58, 58, 60, 58, 60, 56, 58, 59, 57, 59, 56, 60, 59, 58, 55, 62, 57, 52, 57, 59, 56, 58, 63, 59, 59, 58, 54, 57, 63, 56, 59, 56, 60, 59, 53, 58, 59, 57, 51, 62, 58, 57, 59, 57, 61, 61, 55, 55, 58, 56, 60, 60, 60, 56, 52, 57, 64, 55, 54, 60, 59, 58, 60, 63, 57, 58, 60, 57, 55, 57, 61, 47, 59, 66, 60, 58, 56, 59, 59, 58, 55, 56, 51, 62], [0.5699789822101593, 0.5907989243666331, 0.6603790819644928, 0.64970134695371, 0.6132255494594574, 0.6603187819321951, 0.8441471258799235, 0.47393054763476056, 0.6840687791506449, 0.6464148362477621, 0.568465660015742, 0.7542401154836019, 0.7266743580500284, 0.5943061908086141, 0.8887491822242737, 0.7150154610474905, 0.7294550538063049, 0.7056535283724467, 0.6883567969004313, 0.624035527308782, 0.6216051280498505, 0.8432903488477071, 0.7751645644505819, 0.7498369216918945, 0.7019921938578287, 0.6298878689606985, 0.6236994663874308, 0.6023244063059489, 0.6618129710356394, 0.6971222956975301, 0.6506498555342356, 0.47070087492465973, 0.6748603582382202, 0.9476760427157084, 0.7110933661460876, 0.72909943262736, 0.788305660088857, 0.7040476401646932, 0.6249109109242758, 0.7438487609227499, 0.6361187895139059, 0.6549983620643616, 0.7055623531341553, 0.9144883354504904, 0.5934182405471802, 0.6645330786705017, 0.49731966853141785, 0.5130515247583389, 0.6180715958277384, 0.7342497110366821, 0.6375243763128916, 0.7699292699495951, 0.8861813942591349, 0.8209371566772461, 0.9505633115768433, 0.5709252655506134, 0.7307636737823486, 0.6318826178709666, 0.7565473516782125, 0.838857889175415, 0.7492247124512991, 0.46302130818367004, 0.6487840314706167, 0.8673635323842367, 0.8916687766710917, 0.8210852940877279, 0.49207598467667896, 0.5776339570681254, 0.6668571631113688, 0.9635250568389893, 0.7090957959493002, 0.6956984202067057, 0.5257162352403005, 0.6547992378473282, 0.7292781273523966, 0.6080935994784037, 0.6784799297650655, 0.8968364795049032, 0.634433925151825, 0.7069912950197855, 0.8355071147282919, 0.599317878484726, 0.6967542767524719, 0.80478568871816, 0.7744989395141602, 0.7829561034838358, 0.5409521460533142, 0.8060734669367472, 0.6276282568772634, 0.49735132853190106, 0.833763599395752, 0.7474239071210226, 0.6475236614545187, 0.5809163550535837, 0.605439285437266, 0.6911527713139852, 0.712994654973348, 0.7871731321016947, 1.1915676196416218, 0.6396175622940063]]],