{"dataset": "mnist", "num_rounds": 5, "eval_every": -1, "clients_per_round": 10, "learning_rate": 0.002, "mu": 0, "rho": 0.0, "num_epochs": 1, "batch_size": 1, "accuracies": [[["0", "1", "10", "11", "12", "13", "14", "15", "16", "17", "18", "19", "2", "20", "21", "22", "23", "24", "25", "26", "27", "28", "29", "3", "30", "31", "32", "33", "34", "35", "36", "37", "38", "39", "4", "40", "41", "42", "43", "44", "45", "46", "47", "48", "49", "5", "50", "51", "52", "53", "54", "55", "56", "57", "58", "59", "6", "60", "61", "62", "63", "64", "65", "66", "67", "68", "69", "7", "70", "71", "72", "73", "74", "75", "76", "77", "78", "79", "8", "80", "81", "82", "83", "84", "85", "86", "87", "88", "89", "9", "90", "91", "92", "93", "94", "95", "96", "97", "98", "99"], [null, null, null, null, null, null, null, null, null, null, null, null, null, null, null, null, null, null, null, null, null, null, null, null, null, null, null, null, null, null, null, null, null, null, null, null, null, null, null, null, null, null, null, null, null, null, null, null, null, null, null, null, null, null, null, null, null, null, null, null, null, null, null, null, null, null, null, null, null, null, null, null, null, null, null, null, null, null, null, null, null, null, null, null, null, null, null, null, null, null, null, null, null, null, null, null, null, null, null, null], [70, 70, 70, 70, 70, 70, 70, 70, 70, 70, 70, 70, 70, 70, 70, 70, 70, 70, 70, 70, 70, 70, 70, 70, 70, 70, 70, 70, 70, 70, 70, 70, 70, 70, 70, 70, 70, 70, 70, 70, 70, 70, 70, 70, 70, 70, 70, 70, 70, 70, 70, 70, 70, 70, 70, 70, 70, 70, 70, 70, 70, 70, 70, 70, 70, 70, 70, 70, 70, 70, 70, 70, 70, 70, 70, 70, 70, 70, 70, 70, 70, 70, 70, 70, 70, 70, 70, 70, 70, 70, 70, 70, 70, 70, 70, 70, 70, 70, 70, 70], [60, 62, 57, 62, 56, 56, 54, 65, 56, 59, 56, 60, 56, 61, 57, 51, 59, 58, 57, 58, 59, 55, 55, 59, 58, 59, 59, 58, 59, 62, 60, 60, 57, 53, 60, 57, 57, 59, 60, 60, 60, 61, 55, 56, 57, 57, 63, 60, 59, 52, 61, 59, 60, 60, 48, 59, 62, 58, 59, 62, 62, 64, 56, 56, 52, 58, 60, 63, 59, 52, 56, 57, 60, 55, 56, 61, 59, 59, 58, 63, 60, 60, 60, 56, 54, 57, 59, 51, 59, 63, 53, 60, 63, 57, 57, 59, 53, 52, 53, 60], [0.34925199051698047, 0.36714769899845123, 0.513787180185318, 0.5841978887716929, 0.5054293274879456, 0.6109115382035574, 0.647377073764801, 0.2781967173020045, 0.5328679382801056, 0.4969349652528763, 0.40659698843955994, 0.55900905529658, 0.618417372306188, 0.43676409125328064, 0.8152803977330526, 0.6661226054032644, 0.6872377693653107, 0.5884227653344473, 0.5781689286231995, 0.5356507003307343, 0.5119044681390127, 0.6639338731765747, 0.6492122014363607, 0.6803369919459025, 0.5051019489765167, 0.45095089574654895, 0.42408472299575806, 0.417903999487559, 0.44843582808971405, 0.4737882812817891, 0.39661965519189835, 0.382034291823705, 0.5477281808853149, 0.8644357124964396, 0.492625097433726, 0.5989164014657339, 0.6345511476198832, 0.5100768009821574, 0.43127794067064923, 0.5920343101024628, 0.5320862432320913, 0.3729055126508077, 0.5996131598949432, 0.9680103262265524, 0.4716091454029083, 0.5084931254386902, 0.2981837789217631, 0.39312805235385895, 0.46519959966341656, 0.7362214922904968, 0.4467327396074931, 0.7235207955042521, 0.8606634934743246, 0.813956747452418, 0.8595854441324869, 0.4958233634630839, 0.5844094057877859, 0.6145380934079488, 0.6854990919431051, 0.6906709770361582, 0.6645316779613495, 0.3162778913974762, 0.4987241526444753, 0.6912543475627899, 0.9019205172856649, 0.5154637893040975, 0.35382596403360367, 0.34437747299671173, 0.49430758754412335, 0.9708588918050131, 0.6321043968200684, 0.5236882070700327, 0.4064416140317917, 0.5594882468382517, 0.7112827003002167, 0.38938966393470764, 0.4466358721256256, 0.8242259820302328, 0.5532803436120352, 0.4570976297060649, 0.717199852069219, 0.4331708947817485, 0.6307178735733032, 0.666280210018158, 0.6939727663993835, 0.6233448485533396, 0.4361608922481537, 0.6586938003698984, 0.44348596036434174, 0.32852108279863995, 0.8063944180806478, 0.5942044456799825, 0.34090182185173035, 0.4064079523086548, 0.5551111201445261, 0.5608307520548502, 0.47513354818026227, 0.7315009633700053, 1.1782716910044353, 0.6894165376822153]]],