{"dataset": "mnist", "num_rounds": 5, "eval_every": -1, "clients_per_round": 10, "learning_rate": 0.0009645061728395063, "mu": 0, "rho": 0.0, "num_epochs": 1, "batch_size": 1, "accuracies": [[["0", "1", "10", "11", "12", "13", "14", "15", "16", "17", "18", "19", "2", "20", "21", "22", "23", "24", "25", "26", "27", "28", "29", "3", "30", "31", "32", "33", "34", "35", "36", "37", "38", "39", "4", "40", "41", "42", "43", "44", "45", "46", "47", "48", "49", "5", "50", "51", "52", "53", "54", "55", "56", "57", "58", "59", "6", "60", "61", "62", "63", "64", "65", "66", "67", "68", "69", "7", "70", "71", "72", "73", "74", "75", "76", "77", "78", "79", "8", "80", "81", "82", "83", "84", "85", "86", "87", "88", "89", "9", "90", "91", "92", "93", "94", "95", "96", "97", "98", "99"], [null, null, null, null, null, null, null, null, null, null, null, null, null, null, null, null, null, null, null, null, null, null, null, null, null, null, null, null, null, null, null, null, null, null, null, null, null, null, null, null, null, null, null, null, null, null, null, null, null, null, null, null, null, null, null, null, null, null, null, null, null, null, null, null, null, null, null, null, null, null, null, null, null, null, null, null, null, null, null, null, null, null, null, null, null, null, null, null, null, null, null, null, null, null, null, null, null, null, null, null], [70, 70, 70, 70, 70, 70, 70, 70, 70, 70, 70, 70, 70, 70, 70, 70, 70, 70, 70, 70, 70, 70, 70, 70, 70, 70, 70, 70, 70, 70, 70, 70, 70, 70, 70, 70, 70, 70, 70, 70, 70, 70, 70, 70, 70, 70, 70, 70, 70, 70, 70, 70, 70, 70, 70, 70, 70, 70, 70, 70, 70, 70, 70, 70, 70, 70, 70, 70, 70, 70, 70, 70, 70, 70, 70, 70, 70, 70, 70, 70, 70, 70, 70, 70, 70, 70, 70, 70, 70, 70, 70, 70, 70, 70, 70, 70, 70, 70, 70, 70], [58, 63, 57, 63, 60, 55, 56, 61, 62, 58, 56, 61, 58, 61, 54, 54, 58, 58, 61, 58, 60, 56, 59, 60, 57, 59, 57, 60, 59, 58, 57, 62, 57, 52, 59, 59, 57, 59, 64, 59, 59, 59, 55, 55, 63, 56, 60, 56, 60, 58, 56, 59, 59, 59, 50, 63, 59, 57, 59, 59, 61, 61, 56, 57, 58, 57, 60, 61, 60, 56, 52, 58, 64, 57, 55, 60, 59, 59, 60, 63, 58, 59, 60, 58, 55, 57, 61, 48, 59, 66, 61, 59, 57, 58, 60, 58, 55, 56, 52, 61], [0.5111086368560791, 0.5296890437602997, 0.609914610783259, 0.5970357656478882, 0.5617927213509878, 0.6290504137674967, 0.7837164600690206, 0.420142263174057, 0.6315061450004578, 0.5920519431432089, 0.5241567194461823, 0.6938909292221069, 0.6825760205586752, 0.5408568382263184, 0.8412829240163168, 0.6658934652805328, 0.6866699755191803, 0.6571917732556661, 0.6463859875996908, 0.580027163028717, 0.5672902166843414, 0.7858472665150961, 0.7239819169044495, 0.6995861132939657, 0.6443655888239542, 0.5761229495207468, 0.5756389598051707, 0.5511453449726105, 0.5998784005641937, 0.6427985926469167, 0.5899271170298258, 0.42456062138080597, 0.6182089845339457, 0.9164078632990519, 0.6473001639048258, 0.6741877595583597, 0.7406218846638998, 0.6427538692951202, 0.5713882148265839, 0.6959722538789114, 0.585790773232778, 0.597211500008901, 0.6560640235741934, 0.8740160465240479, 0.5393286347389221, 0.6242687106132507, 0.44677204887072247, 0.4721360007921855, 0.5722525318463644, 0.6977559526761373, 0.5847983161608378, 0.7342851161956787, 0.8337454994519552, 0.7605540752410889, 0.9087569117546082, 0.5218586921691895, 0.6772919694582621, 0.5870203276475271, 0.7109824617703756, 0.7912960549195608, 0.6935400168100992, 0.4215594083070755, 0.602094699939092, 0.8159575859705607, 0.8449650208155314, 0.7498745918273926, 0.4496895472208659, 0.5230899353822073, 0.6132705211639404, 0.9366053938865662, 0.6717849969863892, 0.6405473351478577, 0.47799499829610187, 0.6042910665273666, 0.68386443456014, 0.5441132684548696, 0.6272208293279012, 0.8550926446914673, 0.5854447980721792, 0.6437092920144399, 0.7880017956097921, 0.5424962441126505, 0.6471254626909891, 0.7321045398712158, 0.7304137349128723, 0.7279573082923889, 0.4881572723388672, 0.7497133016586304, 0.575354665517807, 0.437552531560262, 0.7965730130672455, 0.6925918062527975, 0.5843271215756735, 0.5207360883553823, 0.5614493091901144, 0.6366454362869263, 0.6575891574223837, 0.7355668743451437, 1.1505744854609172, 0.5976502497990926]]],