{"dataset": "mnist", "num_rounds": 5, "eval_every": -1, "clients_per_round": 10, "learning_rate": 0.005787037037037038, "mu": 0, "rho": 0.0, "num_epochs": 1, "batch_size": 1, "accuracies": [[["0", "1", "10", "11", "12", "13", "14", "15", "16", "17", "18", "19", "2", "20", "21", "22", "23", "24", "25", "26", "27", "28", "29", "3", "30", "31", "32", "33", "34", "35", "36", "37", "38", "39", "4", "40", "41", "42", "43", "44", "45", "46", "47", "48", "49", "5", "50", "51", "52", "53", "54", "55", "56", "57", "58", "59", "6", "60", "61", "62", "63", "64", "65", "66", "67", "68", "69", "7", "70", "71", "72", "73", "74", "75", "76", "77", "78", "79", "8", "80", "81", "82", "83", "84", "85", "86", "87", "88", "89", "9", "90", "91", "92", "93", "94", "95", "96", "97", "98", "99"], [null, null, null, null, null, null, null, null, null, null, null, null, null, null, null, null, null, null, null, null, null, null, null, null, null, null, null, null, null, null, null, null, null, null, null, null, null, null, null, null, null, null, null, null, null, null, null, null, null, null, null, null, null, null, null, null, null, null, null, null, null, null, null, null, null, null, null, null, null, null, null, null, null, null, null, null, null, null, null, null, null, null, null, null, null, null, null, null, null, null, null, null, null, null, null, null, null, null, null, null], [70, 70, 70, 70, 70, 70, 70, 70, 70, 70, 70, 70, 70, 70, 70, 70, 70, 70, 70, 70, 70, 70, 70, 70, 70, 70, 70, 70, 70, 70, 70, 70, 70, 70, 70, 70, 70, 70, 70, 70, 70, 70, 70, 70, 70, 70, 70, 70, 70, 70, 70, 70, 70, 70, 70, 70, 70, 70, 70, 70, 70, 70, 70, 70, 70, 70, 70, 70, 70, 70, 70, 70, 70, 70, 70, 70, 70, 70, 70, 70, 70, 70, 70, 70, 70, 70, 70, 70, 70, 70, 70, 70, 70, 70, 70, 70, 70, 70, 70, 70], [54, 52, 52, 54, 56, 44, 50, 53, 51, 49, 51, 48, 46, 53, 52, 48, 53, 46, 52, 50, 52, 48, 48, 47, 56, 48, 48, 52, 48, 47, 49, 55, 54, 45, 48, 46, 53, 49, 54, 50, 45, 51, 54, 52, 53, 50, 56, 49, 55, 57, 52, 46, 52, 47, 52, 54, 53, 51, 53, 47, 48, 60, 53, 53, 53, 46, 50, 55, 52, 56, 52, 46, 55, 56, 52, 51, 43, 56, 54, 52, 51, 55, 51, 48, 51, 49, 58, 44, 49, 55, 54, 55, 45, 49, 53, 60, 51, 53, 51, 51], [1.0724033017953236, 0.9272525409857432, 2.535755197207133, 1.3379639387130737, 0.9205436209837595, 2.14607572555542, 1.6967862447102864, 1.974266270796458, 1.1867099006970723, 1.2072939773400624, 1.7926515738169353, 1.8597653706868489, 1.24214572707812, 0.8183366892238458, 1.294374128182729, 2.603876312573751, 1.4819955999652545, 1.5996371905008953, 1.155541439851125, 2.1248233318328857, 1.0734431147575378, 2.39564847946167, 2.4414910475413003, 2.0020962953567505, 1.2668424844741821, 1.9381481806437175, 1.8160938272873561, 1.7581809560457866, 1.4999842643737793, 1.714556336402893, 3.2695553302764893, 1.1767823783059914, 0.6567966192960739, 1.9330314199129741, 1.7616967956225078, 2.031132976214091, 0.7180568451682726, 1.6697152455647786, 0.8263869533936182, 1.6458615064620972, 1.0995017886161804, 1.8611071109771729, 3.0404014587402344, 1.6155484120051067, 0.7796570609013239, 1.3289998173713684, 1.288349409898122, 1.3347225834925969, 1.706922133763631, 1.1495471000671387, 1.5308741132418315, 3.5869606335957847, 0.8615321988860766, 1.6784931023915608, 1.7398107051849365, 1.0929473688205082, 1.272979458173116, 1.3467291196187336, 1.5514434178670247, 1.6377582748730977, 2.0204960107803345, 2.0688292582829795, 1.058106670777003, 1.2178594172000885, 1.7932321826616924, 1.9517289400100708, 1.6524489720662434, 1.3793404499689739, 1.355333964029948, 2.824180175860723, 1.2332929968833923, 1.499116321404775, 0.7339041804273924, 1.1143433849016826, 1.0759036069115002, 1.50288724899292, 1.5882134834925334, 2.275593747695287, 1.1557159225145976, 1.0239812433719635, 1.2070250312487285, 0.7912508857746919, 1.323875864346822, 1.8729135195414226, 2.476460576057434, 1.522621512413025, 0.9194256862004598, 2.6079506874084473, 1.279866377512614, 0.8549777468045553, 1.0498468677202861, 1.000856379667918, 2.1322904030481973, 2.713318626085917, 1.3157387971878052, 0.9305548667907715, 1.1351445019245148, 1.2504277881719947, 1.5846239278713863, 2.1417904694875083]]],