{"dataset": "mnist", "num_rounds": 5, "eval_every": -1, "clients_per_round": 10, "learning_rate": 0.0034559999999999994, "mu": 0, "rho": 0.0, "num_epochs": 1, "batch_size": 1, "accuracies": [[["0", "1", "10", "11", "12", "13", "14", "15", "16", "17", "18", "19", "2", "20", "21", "22", "23", "24", "25", "26", "27", "28", "29", "3", "30", "31", "32", "33", "34", "35", "36", "37", "38", "39", "4", "40", "41", "42", "43", "44", "45", "46", "47", "48", "49", "5", "50", "51", "52", "53", "54", "55", "56", "57", "58", "59", "6", "60", "61", "62", "63", "64", "65", "66", "67", "68", "69", "7", "70", "71", "72", "73", "74", "75", "76", "77", "78", "79", "8", "80", "81", "82", "83", "84", "85", "86", "87", "88", "89", "9", "90", "91", "92", "93", "94", "95", "96", "97", "98", "99"], [null, null, null, null, null, null, null, null, null, null, null, null, null, null, null, null, null, null, null, null, null, null, null, null, null, null, null, null, null, null, null, null, null, null, null, null, null, null, null, null, null, null, null, null, null, null, null, null, null, null, null, null, null, null, null, null, null, null, null, null, null, null, null, null, null, null, null, null, null, null, null, null, null, null, null, null, null, null, null, null, null, null, null, null, null, null, null, null, null, null, null, null, null, null, null, null, null, null, null, null], [70, 70, 70, 70, 70, 70, 70, 70, 70, 70, 70, 70, 70, 70, 70, 70, 70, 70, 70, 70, 70, 70, 70, 70, 70, 70, 70, 70, 70, 70, 70, 70, 70, 70, 70, 70, 70, 70, 70, 70, 70, 70, 70, 70, 70, 70, 70, 70, 70, 70, 70, 70, 70, 70, 70, 70, 70, 70, 70, 70, 70, 70, 70, 70, 70, 70, 70, 70, 70, 70, 70, 70, 70, 70, 70, 70, 70, 70, 70, 70, 70, 70, 70, 70, 70, 70, 70, 70, 70, 70, 70, 70, 70, 70, 70, 70, 70, 70, 70, 70], [57, 55, 48, 57, 51, 52, 50, 61, 51, 48, 55, 52, 52, 58, 51, 45, 53, 54, 54, 50, 54, 54, 53, 54, 53, 53, 58, 55, 53, 55, 53, 55, 50, 52, 50, 58, 51, 59, 53, 60, 50, 53, 50, 49, 53, 55, 59, 54, 56, 52, 55, 56, 57, 49, 45, 47, 59, 49, 51, 56, 57, 58, 56, 50, 46, 57, 59, 59, 53, 47, 50, 56, 53, 51, 50, 59, 57, 50, 52, 58, 54, 56, 56, 50, 53, 52, 51, 45, 57, 60, 51, 57, 62, 53, 50, 49, 51, 46, 43, 53], [0.4587434306740761, 0.596628874540329, 0.8270514607429504, 1.092499812444051, 0.7282456457614899, 0.9307789007822672, 0.8805556297302246, 0.3927955279747645, 0.9611619512240092, 0.7421141316493353, 0.6112124621868134, 0.7917548815409342, 0.9569454789161682, 0.6519693533579508, 1.2310847043991089, 1.323154052098592, 1.079878846804301, 0.9216543982426325, 0.7886124849319458, 0.83613188068072, 0.8854111135005951, 0.9068393707275391, 1.0319981575012207, 1.3932354350884755, 0.7370156943798065, 0.5949109196662903, 0.48408137758572894, 0.5407665769259135, 0.6769138822952906, 0.5775330265363058, 0.5026208025713762, 0.7985731959342957, 0.9099337061246237, 1.1489468812942505, 0.7747458815574646, 1.0005951325098674, 0.861073891321818, 0.6231425901254019, 0.5411589940388998, 0.8909414410591125, 0.8949598073959351, 0.5171744525432587, 0.9751438175638517, 1.7988356153170268, 0.79634028673172, 0.6407101849714915, 0.40142135818799335, 0.6726323366165161, 0.5952517141898473, 1.137300709883372, 0.5729269981384277, 1.1026660005251567, 1.5750655432542164, 1.4712756673494976, 1.188408354918162, 0.9182696143786112, 0.8553460439046224, 1.1361723343531291, 1.0593477090199788, 1.0352782408396404, 1.126089185476303, 0.37828184322764474, 0.6953536594907442, 0.999041477839152, 1.716641902923584, 0.6172966659069061, 0.477682043487827, 0.44198453178008396, 0.7354689637819926, 1.5391728083292644, 1.1031550963719685, 0.7695654531319936, 0.6423681676387787, 0.9684631824493408, 1.1470114588737488, 0.6138839175303777, 0.6561909119288126, 1.284786581993103, 0.9463260173797607, 0.5619740386803945, 1.0639479756355286, 0.7024364074071249, 1.1010209719340007, 1.2273972431818645, 1.0041153232256572, 0.963377038637797, 0.6733308633168539, 1.1777287721633911, 0.5043609713514646, 0.5358866602182388, 1.16614431142807, 0.9572186470031738, 0.303851917386055, 0.639858095596234, 0.9591724077860514, 0.9344210227330526, 0.687566931049029, 1.2918756604194641, 1.6013925870259602, 1.2734227975209553]]],