{"dataset": "mnist", "num_rounds": 5, "eval_every": -1, "clients_per_round": 10, "learning_rate": 0.020736, "mu": 0, "rho": 0.0, "num_epochs": 1, "batch_size": 1, "accuracies": [[["0", "1", "10", "11", "12", "13", "14", "15", "16", "17", "18", "19", "2", "20", "21", "22", "23", "24", "25", "26", "27", "28", "29", "3", "30", "31", "32", "33", "34", "35", "36", "37", "38", "39", "4", "40", "41", "42", "43", "44", "45", "46", "47", "48", "49", "5", "50", "51", "52", "53", "54", "55", "56", "57", "58", "59", "6", "60", "61", "62", "63", "64", "65", "66", "67", "68", "69", "7", "70", "71", "72", "73", "74", "75", "76", "77", "78", "79", "8", "80", "81", "82", "83", "84", "85", "86", "87", "88", "89", "9", "90", "91", "92", "93", "94", "95", "96", "97", "98", "99"], [null, null, null, null, null, null, null, null, null, null, null, null, null, null, null, null, null, null, null, null, null, null, null, null, null, null, null, null, null, null, null, null, null, null, null, null, null, null, null, null, null, null, null, null, null, null, null, null, null, null, null, null, null, null, null, null, null, null, null, null, null, null, null, null, null, null, null, null, null, null, null, null, null, null, null, null, null, null, null, null, null, null, null, null, null, null, null, null, null, null, null, null, null, null, null, null, null, null, null, null], [70, 70, 70, 70, 70, 70, 70, 70, 70, 70, 70, 70, 70, 70, 70, 70, 70, 70, 70, 70, 70, 70, 70, 70, 70, 70, 70, 70, 70, 70, 70, 70, 70, 70, 70, 70, 70, 70, 70, 70, 70, 70, 70, 70, 70, 70, 70, 70, 70, 70, 70, 70, 70, 70, 70, 70, 70, 70, 70, 70, 70, 70, 70, 70, 70, 70, 70, 70, 70, 70, 70, 70, 70, 70, 70, 70, 70, 70, 70, 70, 70, 70, 70, 70, 70, 70, 70, 70, 70, 70, 70, 70, 70, 70, 70, 70, 70, 70, 70, 70], [47, 50, 51, 51, 53, 43, 47, 51, 50, 48, 50, 47, 45, 51, 52, 46, 50, 47, 52, 47, 51, 49, 46, 47, 54, 46, 48, 49, 44, 47, 47, 55, 53, 45, 48, 43, 52, 48, 50, 46, 46, 51, 51, 51, 52, 49, 53, 48, 52, 55, 52, 43, 51, 44, 47, 54, 49, 51, 52, 45, 42, 58, 48, 52, 50, 42, 47, 56, 49, 56, 51, 45, 54, 52, 48, 51, 42, 55, 51, 51, 49, 51, 51, 44, 50, 49, 57, 44, 47, 53, 54, 54, 46, 46, 52, 58, 51, 51, 50, 47], [4.271025538444519, 3.959766387939453, 10.233545303344727, 5.104347387949626, 3.353448952237765, 8.136963049570719, 6.5212710698445635, 8.541823784510294, 4.88278341293335, 4.739845792452495, 7.906887054443359, 7.756448586781819, 5.203120668729146, 3.59210332048436, 4.362606406211853, 9.866510073343912, 5.590178978939851, 6.539878765741984, 4.651113271713257, 8.700770696004232, 4.3623654047648115, 8.737657229105631, 8.84056043624878, 7.914932409922282, 4.828499714533488, 7.334349155426025, 6.888339909414451, 6.898571888605754, 6.522761185963948, 6.720157464345296, 12.838279406229654, 4.746113054164501, 2.691579262415568, 7.3891011873881025, 7.3244575659434, 8.368192275365194, 2.4329981623838344, 5.770692269007365, 3.1574078937992454, 6.303457895914714, 4.297334287315607, 7.2819905281066895, 11.293006738026937, 6.050752957661946, 3.112900753815969, 5.206541538238525, 5.348658323287964, 4.959020286798477, 6.681634108225505, 4.0749607880910235, 6.219774166742961, 13.530548413594564, 3.0742481934527555, 6.54972489674886, 6.794194618860881, 4.646670023600261, 5.127678632736206, 5.247119426727295, 5.8186726570129395, 6.302647193272908, 8.689457257588705, 8.037183046340942, 3.805490154772997, 4.654429197311401, 7.172451019287109, 7.559633731842041, 6.535436312357585, 5.250980536142985, 5.270392735799153, 10.466162085533142, 4.723548332850139, 5.958937883377075, 2.6908770129084587, 4.322065035502116, 4.163728912128136, 5.740233500798543, 6.534216403961182, 9.103888114293417, 4.702228864034017, 4.239399830500285, 4.720917463302612, 2.8616691158871013, 4.870774924755096, 7.294661204020183, 8.873760859171549, 6.035844961802165, 3.748528083165487, 10.171998023986816, 4.870632487038772, 3.5337621370951333, 3.8757370809714, 3.5360213915506997, 8.814488410949707, 10.166549364725748, 5.122024377187093, 3.3194022178649902, 3.9130510532607636, 4.544004360834758, 5.720055794653793, 8.090502738952637]]],