{"dataset": "mnist", "num_rounds": 5, "eval_every": -1, "clients_per_round": 10, "learning_rate": 0.002, "mu": 0, "rho": 0.0, "num_epochs": 1, "batch_size": 1, "accuracies": [[["0", "1", "10", "11", "12", "13", "14", "15", "16", "17", "18", "19", "2", "20", "21", "22", "23", "24", "25", "26", "27", "28", "29", "3", "30", "31", "32", "33", "34", "35", "36", "37", "38", "39", "4", "40", "41", "42", "43", "44", "45", "46", "47", "48", "49", "5", "50", "51", "52", "53", "54", "55", "56", "57", "58", "59", "6", "60", "61", "62", "63", "64", "65", "66", "67", "68", "69", "7", "70", "71", "72", "73", "74", "75", "76", "77", "78", "79", "8", "80", "81", "82", "83", "84", "85", "86", "87", "88", "89", "9", "90", "91", "92", "93", "94", "95", "96", "97", "98", "99"], [null, null, null, null, null, null, null, null, null, null, null, null, null, null, null, null, null, null, null, null, null, null, null, null, null, null, null, null, null, null, null, null, null, null, null, null, null, null, null, null, null, null, null, null, null, null, null, null, null, null, null, null, null, null, null, null, null, null, null, null, null, null, null, null, null, null, null, null, null, null, null, null, null, null, null, null, null, null, null, null, null, null, null, null, null, null, null, null, null, null, null, null, null, null, null, null, null, null, null, null], [70, 70, 70, 70, 70, 70, 70, 70, 70, 70, 70, 70, 70, 70, 70, 70, 70, 70, 70, 70, 70, 70, 70, 70, 70, 70, 70, 70, 70, 70, 70, 70, 70, 70, 70, 70, 70, 70, 70, 70, 70, 70, 70, 70, 70, 70, 70, 70, 70, 70, 70, 70, 70, 70, 70, 70, 70, 70, 70, 70, 70, 70, 70, 70, 70, 70, 70, 70, 70, 70, 70, 70, 70, 70, 70, 70, 70, 70, 70, 70, 70, 70, 70, 70, 70, 70, 70, 70, 70, 70, 70, 70, 70, 70, 70, 70, 70, 70, 70, 70], [58, 64, 61, 63, 59, 57, 57, 66, 61, 59, 59, 62, 60, 65, 55, 54, 58, 59, 61, 60, 62, 57, 56, 58, 60, 61, 55, 60, 60, 60, 57, 63, 55, 52, 58, 58, 55, 57, 61, 60, 57, 62, 52, 58, 64, 56, 63, 56, 59, 60, 61, 53, 60, 58, 53, 61, 60, 60, 59, 56, 63, 63, 57, 59, 59, 59, 60, 61, 61, 54, 60, 58, 60, 59, 57, 62, 59, 58, 61, 63, 60, 61, 58, 55, 54, 58, 62, 50, 57, 65, 58, 61, 63, 57, 59, 60, 58, 60, 56, 57], [0.48623154560724896, 0.3205857425928116, 0.6730569700400034, 0.44495081901550293, 0.5075337787469228, 0.861080547173818, 0.6166386405626932, 0.3419782221317291, 0.4413733979066213, 0.4446767171223958, 0.3177008628845215, 0.4965977867444356, 0.47417356570561725, 0.30162209272384644, 0.8070073922475179, 0.881524920463562, 0.5693793346484503, 0.662355492512385, 0.3504425535599391, 0.5867278178532919, 0.40240663786729175, 0.77600626150767, 0.7982318003972372, 0.6180508534113566, 0.5552485088507334, 0.6298975745836893, 0.539048304160436, 0.38675440351168316, 0.4353371361891429, 0.4462550679842631, 0.7126399576663971, 0.37667714556058246, 0.4170101781686147, 0.6671835680802664, 0.47822187344233197, 0.4846477856238683, 0.5588678220907847, 0.565397302309672, 0.42551009853680927, 0.580571840206782, 0.48503147562344867, 0.501403292020162, 0.9958217342694601, 0.7398529450098673, 0.32184942066669464, 0.4754984974861145, 0.453332523504893, 0.512817511955897, 0.4682360490163167, 0.602472573518753, 0.5810279051462809, 0.9987245003382365, 0.41439251601696014, 0.5161932210127512, 0.7273998459180196, 0.45474035541216534, 0.5155991117159525, 0.5502753059069315, 0.6352420846621195, 0.5616378486156464, 0.5403469204902649, 0.5518604020277659, 0.5061587492624918, 0.5239729384581248, 0.5990221798419952, 0.6537422935167948, 0.4458830952644348, 0.5382316907246908, 0.4439031382401784, 1.134551763534546, 0.562507430712382, 0.5030724207560221, 0.382736677924792, 0.5747870008150736, 0.5891064008076986, 0.5189130008220673, 0.44675374527772266, 0.5080646077791849, 0.5106562574704488, 0.34235092997550964, 0.4363740583260854, 0.4260908116896947, 0.552369587123394, 0.512272834777832, 0.8585641781489054, 0.6177071233590444, 0.4190276761849721, 0.7720417380332947, 0.4558390825986862, 0.3150612066189448, 0.5997172594070435, 0.6070847908655802, 0.4455862144629161, 0.7365551690260569, 0.5135368009408315, 0.5677237311999003, 0.6086322466532389, 0.5487357800205549, 0.6851412653923035, 0.8880503376324972]]],