{"dataset": "mnist", "num_rounds": 5, "eval_every": -1, "clients_per_round": 10, "learning_rate": 0.0144, "mu": 0, "rho": 0.0, "num_epochs": 1, "batch_size": 1, "accuracies": [[["0", "1", "10", "11", "12", "13", "14", "15", "16", "17", "18", "19", "2", "20", "21", "22", "23", "24", "25", "26", "27", "28", "29", "3", "30", "31", "32", "33", "34", "35", "36", "37", "38", "39", "4", "40", "41", "42", "43", "44", "45", "46", "47", "48", "49", "5", "50", "51", "52", "53", "54", "55", "56", "57", "58", "59", "6", "60", "61", "62", "63", "64", "65", "66", "67", "68", "69", "7", "70", "71", "72", "73", "74", "75", "76", "77", "78", "79", "8", "80", "81", "82", "83", "84", "85", "86", "87", "88", "89", "9", "90", "91", "92", "93", "94", "95", "96", "97", "98", "99"], [null, null, null, null, null, null, null, null, null, null, null, null, null, null, null, null, null, null, null, null, null, null, null, null, null, null, null, null, null, null, null, null, null, null, null, null, null, null, null, null, null, null, null, null, null, null, null, null, null, null, null, null, null, null, null, null, null, null, null, null, null, null, null, null, null, null, null, null, null, null, null, null, null, null, null, null, null, null, null, null, null, null, null, null, null, null, null, null, null, null, null, null, null, null, null, null, null, null, null, null], [70, 70, 70, 70, 70, 70, 70, 70, 70, 70, 70, 70, 70, 70, 70, 70, 70, 70, 70, 70, 70, 70, 70, 70, 70, 70, 70, 70, 70, 70, 70, 70, 70, 70, 70, 70, 70, 70, 70, 70, 70, 70, 70, 70, 70, 70, 70, 70, 70, 70, 70, 70, 70, 70, 70, 70, 70, 70, 70, 70, 70, 70, 70, 70, 70, 70, 70, 70, 70, 70, 70, 70, 70, 70, 70, 70, 70, 70, 70, 70, 70, 70, 70, 70, 70, 70, 70, 70, 70, 70, 70, 70, 70, 70, 70, 70, 70, 70, 70, 70], [48, 50, 51, 51, 53, 43, 47, 51, 50, 48, 50, 47, 46, 51, 52, 46, 50, 47, 52, 47, 51, 49, 46, 48, 55, 46, 49, 50, 44, 47, 47, 55, 53, 45, 48, 43, 52, 49, 50, 46, 46, 51, 51, 51, 53, 49, 53, 48, 53, 56, 52, 44, 52, 44, 48, 54, 49, 51, 52, 45, 43, 58, 48, 52, 50, 42, 47, 56, 50, 56, 51, 45, 54, 52, 48, 51, 42, 55, 51, 51, 50, 52, 51, 44, 51, 49, 57, 44, 47, 53, 54, 54, 46, 47, 52, 59, 51, 51, 50, 47], [2.916242301464081, 2.705018083254496, 7.0146011511484785, 3.5353546142578125, 2.33451675872008, 5.604721546173096, 4.508795499801636, 5.8214430411656695, 3.320454994837443, 3.2587437629699707, 5.386397520701091, 5.34134562810262, 3.542979598045349, 2.419333099077145, 3.044695178667704, 6.82237188021342, 3.8733105286955833, 4.4754453500111895, 3.1895899375279746, 5.976428349812825, 2.9928042888641357, 6.0663832028706866, 6.14804728825887, 5.422030448913574, 3.3329375187555947, 5.091458002726237, 4.771437950432301, 4.747372309366862, 4.431809504826863, 4.635545253753662, 8.83627700805664, 3.2509560008960157, 1.8402879238128662, 5.065083622932434, 5.00262991587321, 5.732273817062378, 1.6905634477734566, 4.013843059539795, 2.1681181142727532, 4.353678862253825, 2.9853721484541893, 5.0154556433359785, 7.798336346944173, 4.155606826146443, 2.1445810894171395, 3.567747116088867, 3.7099533875783286, 3.392792394384742, 4.593732992808024, 2.8354413509368896, 4.252623359362285, 9.352181752522787, 2.1479081213474274, 4.504330952962239, 4.669301827748616, 3.1649840672810874, 3.520544250806173, 3.6080880959828696, 4.010483503341675, 4.318359454472859, 5.9209089279174805, 5.516357421875, 2.6355688037971654, 3.2201154232025146, 4.942611217498779, 5.231181859970093, 4.5035552978515625, 3.634363810221354, 3.6192959944407144, 7.236739337444305, 3.2617135842641196, 4.105055123567581, 1.855529489616553, 2.9732538859049478, 2.8418775719280043, 3.957425276438395, 4.464584589004517, 6.301158626874288, 3.223010460535685, 2.9014148712158203, 3.2263222535451255, 1.9782577328539144, 3.369091679652532, 5.038686831792195, 6.170418898264567, 4.136605342229207, 2.5957295894622803, 6.985406239827474, 3.373637114961942, 2.4165891806284585, 2.679395131766796, 2.458654224872589, 6.06291929880778, 7.030259211858113, 3.4938172499338784, 2.2971613804499307, 2.719653468579054, 3.157000780105591, 3.957694774493575, 5.57705291112264]]],