{"dataset": "mnist", "num_rounds": 5, "eval_every": -1, "clients_per_round": 10, "learning_rate": 0.0013888888888888892, "mu": 0, "rho": 0.0, "num_epochs": 1, "batch_size": 1, "accuracies": [[["0", "1", "10", "11", "12", "13", "14", "15", "16", "17", "18", "19", "2", "20", "21", "22", "23", "24", "25", "26", "27", "28", "29", "3", "30", "31", "32", "33", "34", "35", "36", "37", "38", "39", "4", "40", "41", "42", "43", "44", "45", "46", "47", "48", "49", "5", "50", "51", "52", "53", "54", "55", "56", "57", "58", "59", "6", "60", "61", "62", "63", "64", "65", "66", "67", "68", "69", "7", "70", "71", "72", "73", "74", "75", "76", "77", "78", "79", "8", "80", "81", "82", "83", "84", "85", "86", "87", "88", "89", "9", "90", "91", "92", "93", "94", "95", "96", "97", "98", "99"], [null, null, null, null, null, null, null, null, null, null, null, null, null, null, null, null, null, null, null, null, null, null, null, null, null, null, null, null, null, null, null, null, null, null, null, null, null, null, null, null, null, null, null, null, null, null, null, null, null, null, null, null, null, null, null, null, null, null, null, null, null, null, null, null, null, null, null, null, null, null, null, null, null, null, null, null, null, null, null, null, null, null, null, null, null, null, null, null, null, null, null, null, null, null, null, null, null, null, null, null], [70, 70, 70, 70, 70, 70, 70, 70, 70, 70, 70, 70, 70, 70, 70, 70, 70, 70, 70, 70, 70, 70, 70, 70, 70, 70, 70, 70, 70, 70, 70, 70, 70, 70, 70, 70, 70, 70, 70, 70, 70, 70, 70, 70, 70, 70, 70, 70, 70, 70, 70, 70, 70, 70, 70, 70, 70, 70, 70, 70, 70, 70, 70, 70, 70, 70, 70, 70, 70, 70, 70, 70, 70, 70, 70, 70, 70, 70, 70, 70, 70, 70, 70, 70, 70, 70, 70, 70, 70, 70, 70, 70, 70, 70, 70, 70, 70, 70, 70, 70], [60, 64, 59, 66, 59, 58, 56, 63, 62, 58, 60, 62, 62, 65, 56, 53, 57, 59, 60, 59, 62, 58, 55, 60, 61, 58, 57, 60, 59, 59, 58, 62, 57, 53, 58, 60, 56, 58, 63, 60, 59, 60, 52, 56, 63, 58, 62, 57, 60, 60, 60, 58, 58, 57, 52, 61, 60, 58, 61, 57, 63, 64, 55, 58, 59, 60, 60, 60, 61, 54, 56, 59, 61, 59, 57, 60, 60, 61, 60, 65, 62, 60, 59, 57, 55, 57, 62, 51, 59, 65, 55, 62, 63, 57, 60, 59, 58, 56, 54, 59], [0.5568451881408691, 0.39928343892097473, 0.6789532800515493, 0.5102203985055288, 0.5747601191202799, 0.8460701107978821, 0.6787219047546387, 0.39676575859387714, 0.5365192492802938, 0.47231610616048175, 0.36099900553623837, 0.5794431467851003, 0.4892999529838562, 0.3849584758281708, 0.8952823678652445, 0.861504872639974, 0.6309327681859335, 0.7174667219320933, 0.3794015323122342, 0.5863056580225626, 0.436805600921313, 0.7052597602208456, 0.7716867327690125, 0.6186265746752421, 0.6367762088775635, 0.6526263753573099, 0.5446814695994059, 0.39777882397174835, 0.5020824869473776, 0.47299501299858093, 0.6801694631576538, 0.4251691699028015, 0.49186881879965466, 0.6987197200457255, 0.5585333208243052, 0.5234966476758321, 0.6859949131806692, 0.5731072823206583, 0.4861873388290405, 0.609517385562261, 0.5523163179556528, 0.5192501544952393, 0.844168225924174, 0.813353975613912, 0.3891264746586482, 0.4962283869584401, 0.49816816051801044, 0.5149065057436625, 0.44260966777801514, 0.6749731103579203, 0.6814827919006348, 0.8541416625181834, 0.5197402934233347, 0.5552342633406321, 0.7523243427276611, 0.5394205351670583, 0.5670886735121409, 0.5631947020689646, 0.652118961016337, 0.6309304336706797, 0.549847811460495, 0.5325447618961334, 0.5442702174186707, 0.590773751338323, 0.6249439418315887, 0.6948265035947164, 0.43563814957936603, 0.5622269809246063, 0.44777236382166546, 1.0526179075241089, 0.6190649668375651, 0.5180663665135702, 0.4468718667825063, 0.6812578837076823, 0.5952817300955454, 0.5834822555383047, 0.44543276727199554, 0.5558309654394785, 0.5540550053119659, 0.42210190494855243, 0.500907431046168, 0.506899873415629, 0.5472795367240906, 0.6080103516578674, 0.7920114398002625, 0.6810555656750997, 0.47761494914690655, 0.7832260727882385, 0.5175896336634954, 0.35339156289895374, 0.6958125134309133, 0.6825228730837504, 0.4940701425075531, 0.6961272756258646, 0.586326946814855, 0.6368319789568583, 0.5930244525273641, 0.6131772994995117, 0.734502375125885, 0.8281226754188538]]],