{"dataset": "mnist", "num_rounds": 5, "eval_every": -1, "clients_per_round": 10, "learning_rate": 0.006944444444444446, "mu": 0, "rho": 0.0, "num_epochs": 1, "batch_size": 1, "accuracies": [[["0", "1", "10", "11", "12", "13", "14", "15", "16", "17", "18", "19", "2", "20", "21", "22", "23", "24", "25", "26", "27", "28", "29", "3", "30", "31", "32", "33", "34", "35", "36", "37", "38", "39", "4", "40", "41", "42", "43", "44", "45", "46", "47", "48", "49", "5", "50", "51", "52", "53", "54", "55", "56", "57", "58", "59", "6", "60", "61", "62", "63", "64", "65", "66", "67", "68", "69", "7", "70", "71", "72", "73", "74", "75", "76", "77", "78", "79", "8", "80", "81", "82", "83", "84", "85", "86", "87", "88", "89", "9", "90", "91", "92", "93", "94", "95", "96", "97", "98", "99"], [null, null, null, null, null, null, null, null, null, null, null, null, null, null, null, null, null, null, null, null, null, null, null, null, null, null, null, null, null, null, null, null, null, null, null, null, null, null, null, null, null, null, null, null, null, null, null, null, null, null, null, null, null, null, null, null, null, null, null, null, null, null, null, null, null, null, null, null, null, null, null, null, null, null, null, null, null, null, null, null, null, null, null, null, null, null, null, null, null, null, null, null, null, null, null, null, null, null, null, null], [70, 70, 70, 70, 70, 70, 70, 70, 70, 70, 70, 70, 70, 70, 70, 70, 70, 70, 70, 70, 70, 70, 70, 70, 70, 70, 70, 70, 70, 70, 70, 70, 70, 70, 70, 70, 70, 70, 70, 70, 70, 70, 70, 70, 70, 70, 70, 70, 70, 70, 70, 70, 70, 70, 70, 70, 70, 70, 70, 70, 70, 70, 70, 70, 70, 70, 70, 70, 70, 70, 70, 70, 70, 70, 70, 70, 70, 70, 70, 70, 70, 70, 70, 70, 70, 70, 70, 70, 70, 70, 70, 70, 70, 70, 70, 70, 70, 70, 70, 70], [53, 51, 51, 53, 57, 44, 48, 53, 51, 49, 50, 48, 46, 52, 51, 47, 52, 47, 51, 50, 51, 48, 48, 48, 57, 47, 48, 51, 46, 47, 49, 55, 53, 45, 49, 43, 53, 50, 52, 48, 45, 51, 54, 51, 53, 50, 55, 49, 53, 57, 52, 46, 52, 46, 52, 54, 52, 50, 53, 45, 47, 59, 52, 52, 52, 44, 47, 56, 51, 56, 52, 46, 55, 56, 51, 52, 43, 56, 51, 53, 51, 55, 51, 46, 51, 49, 57, 44, 48, 55, 53, 55, 45, 49, 53, 60, 51, 53, 51, 48], [1.3056110243002574, 1.1667917768160503, 3.1540777683258057, 1.6358507871627808, 1.1036356339852016, 2.60992701848348, 2.074755152066549, 2.5009284814198813, 1.4823627869288127, 1.4774521787961323, 2.296872893969218, 2.341040094693502, 1.5402027467886608, 1.0267644338309765, 1.5177897413571675, 3.1731738249460855, 1.8064161241054535, 1.9932007789611816, 1.425477663675944, 2.6547292470932007, 1.329536775747935, 2.893880248069763, 2.9430445432662964, 2.4593783617019653, 1.5413694977760315, 2.3679281075795493, 2.2208140194416046, 2.1691857179005942, 1.8917862971623738, 2.118969996770223, 4.034053881963094, 1.4585628962765138, 0.7978172699610392, 2.3483522137006125, 2.2084915041923523, 2.5364490350087485, 0.8400197053949038, 1.9839888016382854, 0.9946791455149651, 2.008580724398295, 1.3523696313301723, 2.277471423149109, 3.6664346059163413, 1.9494644006093342, 0.966673955321312, 1.6216871937115986, 1.5835719307263691, 1.5990750392278035, 2.099540909131368, 1.3732683261235554, 1.8944941957791646, 4.374093770980835, 1.036147616803646, 2.064164678255717, 2.1229315201441445, 1.3495930433273315, 1.5735195875167847, 1.6473359266916912, 1.873360315958659, 1.9955239693323772, 2.55485991636912, 2.5319146712621055, 1.2629243818422158, 1.4879412452379863, 2.2106725374857583, 2.3958835999170938, 2.031393845876058, 1.6737627387046814, 1.6602747837702434, 3.4174701472123465, 1.5081442991892497, 1.849454825123151, 0.8760152583320936, 1.363291362921397, 1.3004081944624584, 1.8324477871259053, 1.966605285803477, 2.8408964375654855, 1.4232959747314453, 1.2723512053489685, 1.4734348853429158, 0.9471159546325604, 1.594972054163615, 2.303243080774943, 2.972367445627848, 1.8751626412073772, 1.1336598992347717, 3.200036366780599, 1.561929444471995, 1.0667831897735596, 1.2643217146396637, 1.18723068634669, 2.6661864121754966, 3.289974888165792, 1.617989977200826, 1.1055617928504944, 1.3349694708983104, 1.49762907596111, 1.8947828263044357, 2.587831457455953]]],