{"dataset": "mnist", "num_rounds": 5, "eval_every": -1, "clients_per_round": 10, "learning_rate": 0.0016666666666666668, "mu": 0, "rho": 0.0, "num_epochs": 1, "batch_size": 1, "accuracies": [[["0", "1", "10", "11", "12", "13", "14", "15", "16", "17", "18", "19", "2", "20", "21", "22", "23", "24", "25", "26", "27", "28", "29", "3", "30", "31", "32", "33", "34", "35", "36", "37", "38", "39", "4", "40", "41", "42", "43", "44", "45", "46", "47", "48", "49", "5", "50", "51", "52", "53", "54", "55", "56", "57", "58", "59", "6", "60", "61", "62", "63", "64", "65", "66", "67", "68", "69", "7", "70", "71", "72", "73", "74", "75", "76", "77", "78", "79", "8", "80", "81", "82", "83", "84", "85", "86", "87", "88", "89", "9", "90", "91", "92", "93", "94", "95", "96", "97", "98", "99"], [null, null, null, null, null, null, null, null, null, null, null, null, null, null, null, null, null, null, null, null, null, null, null, null, null, null, null, null, null, null, null, null, null, null, null, null, null, null, null, null, null, null, null, null, null, null, null, null, null, null, null, null, null, null, null, null, null, null, null, null, null, null, null, null, null, null, null, null, null, null, null, null, null, null, null, null, null, null, null, null, null, null, null, null, null, null, null, null, null, null, null, null, null, null, null, null, null, null, null, null], [70, 70, 70, 70, 70, 70, 70, 70, 70, 70, 70, 70, 70, 70, 70, 70, 70, 70, 70, 70, 70, 70, 70, 70, 70, 70, 70, 70, 70, 70, 70, 70, 70, 70, 70, 70, 70, 70, 70, 70, 70, 70, 70, 70, 70, 70, 70, 70, 70, 70, 70, 70, 70, 70, 70, 70, 70, 70, 70, 70, 70, 70, 70, 70, 70, 70, 70, 70, 70, 70, 70, 70, 70, 70, 70, 70, 70, 70, 70, 70, 70, 70, 70, 70, 70, 70, 70, 70, 70, 70, 70, 70, 70, 70, 70, 70, 70, 70, 70, 70], [59, 64, 59, 64, 60, 57, 55, 65, 59, 57, 57, 62, 59, 61, 56, 52, 59, 58, 60, 59, 61, 57, 59, 59, 59, 59, 60, 61, 58, 63, 60, 62, 55, 53, 62, 61, 57, 60, 62, 60, 59, 60, 55, 54, 57, 58, 63, 59, 60, 54, 61, 58, 62, 60, 48, 62, 59, 59, 59, 62, 62, 63, 57, 56, 56, 60, 61, 62, 60, 55, 56, 57, 62, 59, 55, 62, 60, 60, 59, 65, 61, 61, 61, 56, 54, 58, 61, 50, 59, 65, 54, 62, 65, 60, 60, 60, 53, 57, 53, 60], [0.3646293630202611, 0.3808109561602275, 0.5043095946311951, 0.522562305132548, 0.4860583345095317, 0.5831315020720164, 0.6475883722305298, 0.2922610143820445, 0.5171815752983093, 0.4859029899040858, 0.4120747148990631, 0.5592600206534067, 0.5984243849913279, 0.4319855868816376, 0.7773445049921671, 0.6030831833680471, 0.6368199586868286, 0.5688057045141856, 0.5674382944901785, 0.5065090954303741, 0.48002269864082336, 0.6531894405682882, 0.6247932215531667, 0.6256446441014608, 0.5142934123675028, 0.45383569101492566, 0.44539153575897217, 0.42809561888376874, 0.4525742580493291, 0.49862058957417804, 0.4243029057979584, 0.3467229704062144, 0.5230999290943146, 0.8520514965057373, 0.4930810232957204, 0.5665761331717173, 0.6322676738103231, 0.5139307379722595, 0.44523324569066364, 0.5878269473711649, 0.5069417059421539, 0.4107036193211873, 0.5703921516736349, 0.8619679808616638, 0.44644134243329364, 0.522710124651591, 0.31627735247214633, 0.3850613435109456, 0.4726703266302745, 0.6754636565844218, 0.461853951215744, 0.6907240748405457, 0.7793627778689066, 0.7304660081863403, 0.8349484999974569, 0.45668670535087585, 0.5730761289596558, 0.5534195154905319, 0.6508424480756124, 0.6826067268848419, 0.6092104514439901, 0.32575904081265133, 0.49948156376679737, 0.687734584013621, 0.8055684367815653, 0.551631897687912, 0.36086050669352215, 0.37318411469459534, 0.49163806438446045, 0.9140561024347941, 0.6032027006149292, 0.5237297316392263, 0.3932587156693141, 0.5251110568642616, 0.6529398461182913, 0.3923048824071884, 0.47401462992032367, 0.7896724939346313, 0.5137679676214854, 0.47808903455734253, 0.6950940291086832, 0.4291495084762573, 0.583972712357839, 0.6083030700683594, 0.6639980872472128, 0.6086121499538422, 0.4134121239185333, 0.6365045309066772, 0.45580672721068066, 0.3263031889994939, 0.7620840768019358, 0.579952617486318, 0.38652431468168896, 0.40086012581984204, 0.5082735021909078, 0.536333441734314, 0.4967247148354848, 0.6743531624476115, 1.1138765414555867, 0.6027758916219076]]],