{"dataset": "mnist", "num_rounds": 5, "eval_every": -1, "clients_per_round": 10, "learning_rate": 0.0041472, "mu": 0, "rho": 0.0, "num_epochs": 1, "batch_size": 1, "accuracies": [[["0", "1", "10", "11", "12", "13", "14", "15", "16", "17", "18", "19", "2", "20", "21", "22", "23", "24", "25", "26", "27", "28", "29", "3", "30", "31", "32", "33", "34", "35", "36", "37", "38", "39", "4", "40", "41", "42", "43", "44", "45", "46", "47", "48", "49", "5", "50", "51", "52", "53", "54", "55", "56", "57", "58", "59", "6", "60", "61", "62", "63", "64", "65", "66", "67", "68", "69", "7", "70", "71", "72", "73", "74", "75", "76", "77", "78", "79", "8", "80", "81", "82", "83", "84", "85", "86", "87", "88", "89", "9", "90", "91", "92", "93", "94", "95", "96", "97", "98", "99"], [null, null, null, null, null, null, null, null, null, null, null, null, null, null, null, null, null, null, null, null, null, null, null, null, null, null, null, null, null, null, null, null, null, null, null, null, null, null, null, null, null, null, null, null, null, null, null, null, null, null, null, null, null, null, null, null, null, null, null, null, null, null, null, null, null, null, null, null, null, null, null, null, null, null, null, null, null, null, null, null, null, null, null, null, null, null, null, null, null, null, null, null, null, null, null, null, null, null, null, null], [70, 70, 70, 70, 70, 70, 70, 70, 70, 70, 70, 70, 70, 70, 70, 70, 70, 70, 70, 70, 70, 70, 70, 70, 70, 70, 70, 70, 70, 70, 70, 70, 70, 70, 70, 70, 70, 70, 70, 70, 70, 70, 70, 70, 70, 70, 70, 70, 70, 70, 70, 70, 70, 70, 70, 70, 70, 70, 70, 70, 70, 70, 70, 70, 70, 70, 70, 70, 70, 70, 70, 70, 70, 70, 70, 70, 70, 70, 70, 70, 70, 70, 70, 70, 70, 70, 70, 70, 70, 70, 70, 70, 70, 70, 70, 70, 70, 70, 70, 70], [56, 55, 48, 57, 51, 52, 49, 59, 51, 48, 55, 54, 53, 56, 50, 46, 51, 52, 53, 51, 54, 53, 52, 54, 52, 53, 54, 57, 52, 54, 57, 54, 49, 51, 47, 58, 50, 58, 54, 60, 50, 53, 47, 50, 53, 53, 60, 54, 56, 49, 57, 55, 57, 49, 45, 47, 56, 49, 52, 55, 56, 58, 56, 50, 45, 57, 58, 57, 54, 46, 50, 56, 52, 50, 49, 57, 56, 49, 50, 59, 53, 54, 56, 49, 51, 54, 51, 44, 57, 58, 51, 56, 62, 52, 49, 46, 49, 45, 42, 52], [0.530750165383021, 0.7598466873168945, 0.9982994198799133, 1.3192166487375896, 0.8247471153736115, 1.1001794934272766, 1.0367678999900818, 0.4698597987492879, 1.2043631076812744, 0.874657616019249, 0.7125574151674906, 0.9244066874186198, 1.1289341648419697, 0.7756523291269938, 1.4724136590957642, 1.6434223254521687, 1.2507420182228088, 1.1028219312429428, 0.8819367488225301, 0.9624020755290985, 1.0780169467131298, 1.0286088784535725, 1.272174060344696, 1.695780356725057, 0.9020716349283854, 0.6704111695289612, 0.5183724363644918, 0.6119926869869232, 0.8095560421546301, 0.6543881893157959, 0.5884884633123875, 0.9645807345708212, 1.1245224873224895, 1.3127777775128682, 0.9300052324930826, 1.1832058032353718, 1.0091720620791118, 0.6963725388050079, 0.6286826133728027, 1.060678482055664, 1.0738288561503093, 0.6269654234250387, 1.180470161139965, 2.208488384882609, 0.95689590771993, 0.7335825910170873, 0.48910747468471527, 0.8135621647040049, 0.6828569173812866, 1.2905632456143696, 0.653740664323171, 1.3341171741485596, 1.9231087068716686, 1.8379591504732768, 1.3589274287223816, 1.1462891300519307, 1.0001473029454548, 1.4247899055480957, 1.2318489948908489, 1.2678776383399963, 1.3233863612016041, 0.40933847101405263, 0.8206884786486626, 1.1529938578605652, 2.1028747161229453, 0.7107285062472025, 0.5713593944286307, 0.540789951880773, 0.845801572004954, 1.8500069379806519, 1.3735019365946453, 0.9526897668838501, 0.7592465182145437, 1.196313093105952, 1.3499239683151245, 0.7569262981414795, 0.7958608766396841, 1.5532537301381428, 1.0903393626213074, 0.6274797519048055, 1.2433284521102905, 0.8720301787058512, 1.3123150269190471, 1.4492378234863281, 1.1541173656781514, 1.1338892777760823, 0.7830956180890402, 1.4845941066741943, 0.5392286876837412, 0.6616999407609304, 1.320956031481425, 1.1521562536557515, 0.30940510891377926, 0.7564979388068119, 1.1067949334780376, 1.1081043283144634, 0.8334458967049917, 1.599920133749644, 1.763349970181783, 1.5274677276611328]]],