{"dataset": "mnist", "num_rounds": 5, "eval_every": -1, "clients_per_round": 10, "learning_rate": 0.00401877572016461, "mu": 0, "rho": 0.0, "num_epochs": 1, "batch_size": 1, "accuracies": [[["0", "1", "10", "11", "12", "13", "14", "15", "16", "17", "18", "19", "2", "20", "21", "22", "23", "24", "25", "26", "27", "28", "29", "3", "30", "31", "32", "33", "34", "35", "36", "37", "38", "39", "4", "40", "41", "42", "43", "44", "45", "46", "47", "48", "49", "5", "50", "51", "52", "53", "54", "55", "56", "57", "58", "59", "6", "60", "61", "62", "63", "64", "65", "66", "67", "68", "69", "7", "70", "71", "72", "73", "74", "75", "76", "77", "78", "79", "8", "80", "81", "82", "83", "84", "85", "86", "87", "88", "89", "9", "90", "91", "92", "93", "94", "95", "96", "97", "98", "99"], [null, null, null, null, null, null, null, null, null, null, null, null, null, null, null, null, null, null, null, null, null, null, null, null, null, null, null, null, null, null, null, null, null, null, null, null, null, null, null, null, null, null, null, null, null, null, null, null, null, null, null, null, null, null, null, null, null, null, null, null, null, null, null, null, null, null, null, null, null, null, null, null, null, null, null, null, null, null, null, null, null, null, null, null, null, null, null, null, null, null, null, null, null, null, null, null, null, null, null, null], [70, 70, 70, 70, 70, 70, 70, 70, 70, 70, 70, 70, 70, 70, 70, 70, 70, 70, 70, 70, 70, 70, 70, 70, 70, 70, 70, 70, 70, 70, 70, 70, 70, 70, 70, 70, 70, 70, 70, 70, 70, 70, 70, 70, 70, 70, 70, 70, 70, 70, 70, 70, 70, 70, 70, 70, 70, 70, 70, 70, 70, 70, 70, 70, 70, 70, 70, 70, 70, 70, 70, 70, 70, 70, 70, 70, 70, 70, 70, 70, 70, 70, 70, 70, 70, 70, 70, 70, 70, 70, 70, 70, 70, 70, 70, 70, 70, 70, 70, 70], [56, 55, 48, 57, 51, 52, 50, 59, 51, 48, 55, 54, 53, 56, 50, 47, 51, 52, 54, 51, 54, 53, 53, 54, 52, 53, 54, 57, 53, 54, 56, 55, 49, 51, 48, 58, 50, 58, 54, 60, 50, 54, 46, 50, 53, 53, 60, 55, 56, 49, 57, 55, 57, 48, 45, 47, 57, 49, 52, 55, 55, 58, 56, 50, 45, 56, 58, 57, 54, 46, 50, 56, 53, 50, 50, 57, 56, 49, 50, 59, 52, 55, 56, 50, 52, 54, 51, 45, 56, 58, 51, 56, 63, 52, 50, 48, 49, 45, 42, 52], [0.5172988747557005, 0.727397084236145, 0.9671435157457987, 1.2775182525316875, 0.8073991537094116, 1.0690648555755615, 1.006046175956726, 0.4551718831062317, 1.1581734816233318, 0.8496416807174683, 0.6948027114073435, 0.8989766637484232, 1.097493161757787, 0.7523231705029806, 1.4267159303029378, 1.585623065630595, 1.2190422614415486, 1.069000283877055, 0.8648693958918253, 0.9400125642617544, 1.0418987770875294, 1.0057641665140789, 1.224564790725708, 1.6378193696339924, 0.8706636230150858, 0.6548989290992419, 0.5115229487419128, 0.5979202091693878, 0.7843446085850397, 0.6392172972361246, 0.5712155004342397, 0.9364482363065084, 1.0822861591974895, 1.2821274399757385, 0.9014092882474264, 1.1503113706906636, 0.9802131255467733, 0.6815270781517029, 0.6116934219996134, 1.02807621161143, 1.0409037470817566, 0.6052399575710297, 1.1415205771724384, 2.132060686747233, 0.9275295734405518, 0.716035986940066, 0.4713609367609024, 0.7878652314345042, 0.6660927881797155, 1.2633413275082905, 0.638746827840805, 1.2895433902740479, 1.8602435290813446, 1.7675265471140544, 1.3270312746365864, 1.1036967833836873, 0.9721885124842325, 1.3709891438484192, 1.2005913654963176, 1.221751908461253, 1.2876241008440654, 0.4039056623975436, 0.7967391088604927, 1.1253479520479839, 2.0319459438323975, 0.6910826563835144, 0.552533165551722, 0.5213266511758169, 0.8270420432090759, 1.7918262084325154, 1.323733627796173, 0.9161390562852224, 0.7382342914740244, 1.1527543465296428, 1.3131841818491619, 0.7292007207870483, 0.7695859173933665, 1.502598524093628, 1.0666800538698833, 0.6151982843875885, 1.2076427539189656, 0.8400975664456686, 1.2748550176620483, 1.4110443592071533, 1.1262377103169758, 1.1021743218104045, 0.7631685932477316, 1.428327242533366, 0.531798375149568, 0.6377691725889841, 1.2934205134709675, 1.1157666246096294, 0.3070275963594516, 0.7355327997356653, 1.0828898747762044, 1.0772689580917358, 0.8050457338492075, 1.5415488481521606, 1.7345165808995564, 1.4827391902605693]]],