{"dataset": "mnist", "num_rounds": 5, "eval_every": -1, "clients_per_round": 10, "learning_rate": 0.0011574074074074076, "mu": 0, "rho": 0.0, "num_epochs": 1, "batch_size": 1, "accuracies": [[["0", "1", "10", "11", "12", "13", "14", "15", "16", "17", "18", "19", "2", "20", "21", "22", "23", "24", "25", "26", "27", "28", "29", "3", "30", "31", "32", "33", "34", "35", "36", "37", "38", "39", "4", "40", "41", "42", "43", "44", "45", "46", "47", "48", "49", "5", "50", "51", "52", "53", "54", "55", "56", "57", "58", "59", "6", "60", "61", "62", "63", "64", "65", "66", "67", "68", "69", "7", "70", "71", "72", "73", "74", "75", "76", "77", "78", "79", "8", "80", "81", "82", "83", "84", "85", "86", "87", "88", "89", "9", "90", "91", "92", "93", "94", "95", "96", "97", "98", "99"], [null, null, null, null, null, null, null, null, null, null, null, null, null, null, null, null, null, null, null, null, null, null, null, null, null, null, null, null, null, null, null, null, null, null, null, null, null, null, null, null, null, null, null, null, null, null, null, null, null, null, null, null, null, null, null, null, null, null, null, null, null, null, null, null, null, null, null, null, null, null, null, null, null, null, null, null, null, null, null, null, null, null, null, null, null, null, null, null, null, null, null, null, null, null, null, null, null, null, null, null], [70, 70, 70, 70, 70, 70, 70, 70, 70, 70, 70, 70, 70, 70, 70, 70, 70, 70, 70, 70, 70, 70, 70, 70, 70, 70, 70, 70, 70, 70, 70, 70, 70, 70, 70, 70, 70, 70, 70, 70, 70, 70, 70, 70, 70, 70, 70, 70, 70, 70, 70, 70, 70, 70, 70, 70, 70, 70, 70, 70, 70, 70, 70, 70, 70, 70, 70, 70, 70, 70, 70, 70, 70, 70, 70, 70, 70, 70, 70, 70, 70, 70, 70, 70, 70, 70, 70, 70, 70, 70, 70, 70, 70, 70, 70, 70, 70, 70, 70, 70], [59, 64, 57, 64, 58, 58, 56, 62, 63, 58, 59, 61, 61, 65, 54, 52, 58, 58, 61, 58, 62, 58, 55, 60, 59, 58, 57, 61, 58, 58, 57, 61, 58, 52, 56, 59, 56, 58, 63, 59, 59, 60, 52, 57, 63, 58, 62, 58, 61, 59, 60, 57, 57, 59, 52, 61, 59, 57, 61, 59, 65, 64, 55, 58, 58, 59, 61, 60, 60, 54, 56, 59, 60, 57, 55, 59, 59, 59, 59, 65, 61, 59, 58, 57, 55, 57, 63, 51, 59, 66, 55, 59, 63, 59, 58, 59, 59, 56, 52, 59], [0.6016718546549479, 0.44864152868588764, 0.7075219949086508, 0.5656307737032572, 0.6125167012214661, 0.8681219418843588, 0.7212016582489014, 0.4421461721261342, 0.5880410969257355, 0.5049636165301005, 0.4015875607728958, 0.6465836564699808, 0.5102521479129791, 0.43157055974006653, 0.9226940274238586, 0.8896046876907349, 0.6610489785671234, 0.7436972359816233, 0.4057200824220975, 0.6152332623799642, 0.46706907947858173, 0.7196887532869974, 0.80521692832311, 0.6511817375818888, 0.6757368246714274, 0.6940440932909647, 0.5750826001167297, 0.4364972958962123, 0.5487693548202515, 0.5151746769746145, 0.7186057468255361, 0.46176018317540485, 0.5295146008332571, 0.7409741481145223, 0.6128246386845907, 0.5676761865615845, 0.7243328293164571, 0.6022840539614359, 0.5232253968715668, 0.638699859380722, 0.5854121347268423, 0.5654552380243937, 0.8472142815589905, 0.8410847187042236, 0.4357570211092631, 0.5296909908453623, 0.5355604191621145, 0.5382496615250906, 0.4570220708847046, 0.706572155157725, 0.7289806207021078, 0.8486192425092062, 0.5691800514856974, 0.58994792898496, 0.7811464071273804, 0.5844887693723043, 0.6010176340738932, 0.5824674665927887, 0.6831446290016174, 0.6646618644396464, 0.5915493071079254, 0.5669314364592234, 0.5778979857762655, 0.6338241497675577, 0.65787406762441, 0.7439164916674296, 0.4620268940925598, 0.6016451517740885, 0.47924737135569256, 1.044814666112264, 0.6547446449597677, 0.5560158888498942, 0.49085042874018353, 0.7150769432385763, 0.618603507677714, 0.6253214776515961, 0.4775949815909068, 0.609198639790217, 0.5857696533203125, 0.48513808846473694, 0.5495334963003794, 0.5508822004000345, 0.5656393567721049, 0.6729766925175985, 0.7997390031814575, 0.7175869445006052, 0.5251974165439606, 0.8277047276496887, 0.5629256864388784, 0.3834216097990672, 0.7381668388843536, 0.7297403812408447, 0.5627384980519613, 0.7370434999465942, 0.6387326916058859, 0.6678675015767416, 0.6099543968836466, 0.6551805833975474, 0.7797439297040304, 0.8428235252698263]]],